Nom,Adresse,object_address
Pôle emploi - Mulhouse - Doller,5 rue de Quimper,Pôle emploi - Mulhouse - Doller 5 rue de Quimper
Pôle emploi - Angoulême - Saint-Martial,7 rue Jean-Fougerat,Pôle emploi - Angoulême - Saint-Martial 7 rue Jean-Fougerat
Pôle emploi - Paris - 11e arrondissement - Beaumarchais,11 rue Pelée,Pôle emploi - Paris - 11e arrondissement - Beaumarchais 11 rue Pelée
Pôle emploi - Bayonne,42 boulevard du Bab,Pôle emploi - Bayonne 42 boulevard du Bab
Pôle emploi - Corbeil-Essonnes,14 quai Jacques-Bourgoin,Pôle emploi - Corbeil-Essonnes 14 quai Jacques-Bourgoin
Pôle emploi - Chalon - Nord,19 avenue John-Fitzgerald-Kennedy,Pôle emploi - Chalon - Nord 19 avenue John-Fitzgerald-Kennedy
Pôle emploi - Elbeuf,39 rue Poussin,Pôle emploi - Elbeuf 39 rue Poussin
Pôle emploi - Lille - République,121 boulevard de la Liberté,Pôle emploi - Lille - République 121 boulevard de la Liberté
Pôle emploi - Lormont,4 rue Romain-Rolland,Pôle emploi - Lormont 4 rue Romain-Rolland
Pôle emploi - Aéroportuaire - Roissy-Charles-de-Gaulle,5 rue du Cercle,Pôle emploi - Aéroportuaire - Roissy-Charles-de-Gaulle 5 rue du Cercle
Pôle emploi - Colmar - Lacarre,45 rue de la Fecht,Pôle emploi - Colmar - Lacarre 45 rue de la Fecht
Pôle emploi - Roussillon,8 rue Anatole-France,Pôle emploi - Roussillon 8 rue Anatole-France
Pôle emploi - Gisors,30 rue Riegelsberg,Pôle emploi - Gisors 30 rue Riegelsberg
Pôle emploi - Beaune,7 rue Buffon,Pôle emploi - Beaune 7 rue Buffon
Pôle emploi - Langres,29 avenue du Général-de-Gaulle,Pôle emploi - Langres 29 avenue du Général-de-Gaulle
Pôle emploi - Boucau,Impasse des Lilas,Pôle emploi - Boucau Impasse des Lilas
Pôle emploi - Toulouse - Borderouge,6 rue Françoise-d'Eaubonne,Pôle emploi - Toulouse - Borderouge 6 rue Françoise-d'Eaubonne
Pôle emploi - Toulon - Carnot,47 avenue Lazare-Carnot,Pôle emploi - Toulon - Carnot 47 avenue Lazare-Carnot
Pôle emploi - Vaulx-en-Velin,1 bis avenue Salvador-Allende,Pôle emploi - Vaulx-en-Velin 1 bis avenue Salvador-Allende
Pôle emploi - Fourmies,8 rue de la Savonnerie,Pôle emploi - Fourmies 8 rue de la Savonnerie
Pôle emploi - Les Ulis,2 avenue d'Alsace,Pôle emploi - Les Ulis 2 avenue d'Alsace
Pôle emploi - Issoire,47 rue du 8-Mai,Pôle emploi - Issoire 47 rue du 8-Mai
Pôle emploi - Villefranche-de-Lauragais,7 place des Cerisiers,Pôle emploi - Villefranche-de-Lauragais 7 place des Cerisiers
Pôle emploi - Montereau-Fault-Yonne,8 rue Edmond-Fortin,Pôle emploi - Montereau-Fault-Yonne 8 rue Edmond-Fortin
Pôle emploi - Nontron,Place Paul-Bert,Pôle emploi - Nontron Place Paul-Bert
Pôle emploi - Gonesse,10 rue Berthelot,Pôle emploi - Gonesse 10 rue Berthelot
Pôle emploi - Cherbourg - Provinces,2 rue de Touraine,Pôle emploi - Cherbourg - Provinces 2 rue de Touraine
Pôle emploi - Saint-Junien,2 avenue Anatole-France,Pôle emploi - Saint-Junien 2 avenue Anatole-France
Pôle emploi - Bordeaux - Mériadeck,1 terrasse Front-du-Médoc,Pôle emploi - Bordeaux - Mériadeck 1 terrasse Front-du-Médoc
Pôle emploi - Saint-Joseph,40 rue du Général-de-Gaulle,Pôle emploi - Saint-Joseph 40 rue du Général-de-Gaulle
Pôle emploi - Briey,2 rue de la Filature,Pôle emploi - Briey 2 rue de la Filature
Pôle emploi - Luxeuil,1 rue Bourgeline,Pôle emploi - Luxeuil 1 rue Bourgeline
Pôle emploi - Forbach - Carrefour-Europe,1 rue du 18e-Chasseur,Pôle emploi - Forbach - Carrefour-Europe 1 rue du 18e-Chasseur
Pôle emploi - Blagnac,11 mail Louis-Aragon,Pôle emploi - Blagnac 11 mail Louis-Aragon
Pôle emploi - Fontaine,26 rue de la Liberté,Pôle emploi - Fontaine 26 rue de la Liberté
Pôle emploi - Pont-de-Claix,1 avenue du Maréchal-Juin,Pôle emploi - Pont-de-Claix 1 avenue du Maréchal-Juin
Pôle emploi - Gardanne,Rue Jules-Ferry,Pôle emploi - Gardanne Rue Jules-Ferry
Pôle emploi - Castelnaudary,11 boulevard du Général-Lapasset,Pôle emploi - Castelnaudary 11 boulevard du Général-Lapasset
Pôle emploi - Parthenay,13 boulevard Edgar-Quinet,Pôle emploi - Parthenay 13 boulevard Edgar-Quinet
Pôle emploi - Parentis,113 allée Malichecq,Pôle emploi - Parentis 113 allée Malichecq
Pôle emploi - Saint-Éloy,6 rue des Bayons,Pôle emploi - Saint-Éloy 6 rue des Bayons
Pôle emploi - Lyon - Scènes-et-Images,41 A rue Colin,Pôle emploi - Lyon - Scènes-et-Images 41 A rue Colin
Pôle emploi - Cannes,Allée Hélène-Boucher,Pôle emploi - Cannes Allée Hélène-Boucher
Pôle emploi - Lyon - Bollier,63 rue André-Bollier,Pôle emploi - Lyon - Bollier 63 rue André-Bollier
Pôle emploi - Palaiseau,9 rue Édouard-Branly,Pôle emploi - Palaiseau 9 rue Édouard-Branly
Pôle emploi - Aix-les-Bains,128 boulevard du Président-Wilson,Pôle emploi - Aix-les-Bains 128 boulevard du Président-Wilson
Pôle emploi - Caen - Beaulieu,2 rue Nicolas-Oresme,Pôle emploi - Caen - Beaulieu 2 rue Nicolas-Oresme
Pôle emploi - Angers - La-Roseraie,5 rue Henri-Bergson,Pôle emploi - Angers - La-Roseraie 5 rue Henri-Bergson
Pôle emploi - Fort-de-France - Kerlys,Rue de Kerlys,Pôle emploi - Fort-de-France - Kerlys Rue de Kerlys
Pôle emploi - Loudun,Rue des Aubuies,Pôle emploi - Loudun Rue des Aubuies
Pôle emploi - Strasbourg - Pont-Matthis,2 rue Gustave-Adolphe-Hirn,Pôle emploi - Strasbourg - Pont-Matthis 2 rue Gustave-Adolphe-Hirn
Pôle emploi - Hénin-Beaumont,91 rue de la Perche,Pôle emploi - Hénin-Beaumont 91 rue de la Perche
Pôle emploi - Carpentras,158 allée des Tilleuls,Pôle emploi - Carpentras 158 allée des Tilleuls
Pôle emploi - Avallon,62 rue de Lyon,Pôle emploi - Avallon 62 rue de Lyon
Pôle emploi - Saint-Étienne - Terrasse,12 allée des Artilleurs,Pôle emploi - Saint-Étienne - Terrasse 12 allée des Artilleurs
Pôle emploi - Corte,34 cours Paoli,Pôle emploi - Corte 34 cours Paoli
Pôle emploi - Oullins,18 Grande rue,Pôle emploi - Oullins 18 Grande rue
Pôle emploi - Handipass,3 rue des Nanettes,Pôle emploi - Handipass 3 rue des Nanettes
Pôle emploi - Évreux - Delaune,6 rue Auguste-Delaune,Pôle emploi - Évreux - Delaune 6 rue Auguste-Delaune
Pôle emploi - Pe Mamoudzou - Kaweni,90 route nationale 1,Pôle emploi - Pe Mamoudzou - Kaweni 90 route nationale 1
Pôle emploi - Bordeaux - Bastide,4 rue René-Buthaud,Pôle emploi - Bordeaux - Bastide 4 rue René-Buthaud
Pôle emploi - Hayange,13 rue de la Marne,Pôle emploi - Hayange 13 rue de la Marne
Pôle emploi - Decazeville,Avenue du 10-Août,Pôle emploi - Decazeville Avenue du 10-Août
Pôle emploi - Sarreguemines,42 rue Poincaré,Pôle emploi - Sarreguemines 42 rue Poincaré
Pôle emploi - Saint-Laurent-du-Maroni,1 allée des Ibis,Pôle emploi - Saint-Laurent-du-Maroni 1 allée des Ibis
Pôle emploi - Dreux,1 rue Pierre-Semard,Pôle emploi - Dreux 1 rue Pierre-Semard
Pôle emploi - Méru,6 rue du 8-Mai-1945,Pôle emploi - Méru 6 rue du 8-Mai-1945
Pôle emploi - Chalon - Centre,27 avenue Georges-Pompidou,Pôle emploi - Chalon - Centre 27 avenue Georges-Pompidou
Pôle emploi - Montluçon - Sud,51 avenue du Général-de-Gaulle,Pôle emploi - Montluçon - Sud 51 avenue du Général-de-Gaulle
Pôle emploi - Juvisy-sur-Orge,83 avenue de la Cour-de-France,Pôle emploi - Juvisy-sur-Orge 83 avenue de la Cour-de-France
Pôle emploi - La Tour-du-Pin,8 rue Pierre-Vincendon,Pôle emploi - La Tour-du-Pin 8 rue Pierre-Vincendon
Pôle emploi - Crest,4 avenue Félix-Rozier,Pôle emploi - Crest 4 avenue Félix-Rozier
Pôle emploi - Saint-Astier,Boulevard Pierre-Mallebay,Pôle emploi - Saint-Astier Boulevard Pierre-Mallebay
Pôle emploi - Lourdes,22 avenue du Maréchal-Joffre,Pôle emploi - Lourdes 22 avenue du Maréchal-Joffre
Pôle emploi - Lorient - Ville,2 rue Alice-Coleno,Pôle emploi - Lorient - Ville 2 rue Alice-Coleno
Pôle emploi - Le Mans - Gare,18 rue Pierre-Félix-Delarue,Pôle emploi - Le Mans - Gare 18 rue Pierre-Félix-Delarue
Pôle emploi - Metz - Gare,3 ter rue Gambetta,Pôle emploi - Metz - Gare 3 ter rue Gambetta
Pôle emploi - Paris - 6e et 14e arrondissements - Jean-Moulin,9 rue Friant,Pôle emploi - Paris - 6e et 14e arrondissements - Jean-Moulin 9 rue Friant
Pôle emploi - Agde,82 chemin de Janin,Pôle emploi - Agde 82 chemin de Janin
Pôle emploi - Lyon - Vaise,29 avenue Joannes-Masset,Pôle emploi - Lyon - Vaise 29 avenue Joannes-Masset
Pôle emploi - Avesnelles,20 route de Haut-Lieu,Pôle emploi - Avesnelles 20 route de Haut-Lieu
Pôle emploi - Barentin,200 rue Denis-Papin,Pôle emploi - Barentin 200 rue Denis-Papin
Pôle emploi - Pontault-Combault,50 rue du Pré-des-Aulnes,Pôle emploi - Pontault-Combault 50 rue du Pré-des-Aulnes
Pôle emploi - Marseille - Blancarde,20 place de la Gare-de-la-Blancarde,Pôle emploi - Marseille - Blancarde 20 place de la Gare-de-la-Blancarde
Pôle emploi - Villeurbanne,41 rue Colin,Pôle emploi - Villeurbanne 41 rue Colin
Pôle emploi - Troyes - Romain-Rolland,107 avenue Édouard-Herriot,Pôle emploi - Troyes - Romain-Rolland 107 avenue Édouard-Herriot
Pôle emploi - Montreuil-sous-Bois,7 rue Kléber,Pôle emploi - Montreuil-sous-Bois 7 rue Kléber
Pôle emploi - Montdidier,8 rue de Marthe,Pôle emploi - Montdidier 8 rue de Marthe
Pôle emploi - Melle,3 rue des Petits-Champs,Pôle emploi - Melle 3 rue des Petits-Champs
Pôle emploi - Bapaume,6 rue de Douai,Pôle emploi - Bapaume 6 rue de Douai
Pôle emploi - Saint-Pierre-d'Oléron,10 ter lotissement du Moulin-du-Coivre,Pôle emploi - Saint-Pierre-d'Oléron 10 ter lotissement du Moulin-du-Coivre
Pôle emploi - Lens - Gare,48 rue Jean-Létienne,Pôle emploi - Lens - Gare 48 rue Jean-Létienne
Pôle emploi - Limoges - Leclerc,135 avenue Général-Leclerc,Pôle emploi - Limoges - Leclerc 135 avenue Général-Leclerc
Pôle emploi - Baie-Mahault,Rond-point Destrellan,Pôle emploi - Baie-Mahault Rond-point Destrellan
Pôle emploi - Cholet,24 rue du Carteron,Pôle emploi - Cholet 24 rue du Carteron
Pôle emploi - Chessy - Val-d'Europe,27 place d'Ariane,Pôle emploi - Chessy - Val-d'Europe 27 place d'Ariane
Pôle emploi - Andrézieux-Bouthéon,Rond-point Auguste-Colonna,Pôle emploi - Andrézieux-Bouthéon Rond-point Auguste-Colonna
Pôle emploi - Autun,Rue Eugène-Chevalier,Pôle emploi - Autun Rue Eugène-Chevalier
Pôle emploi - Garges-lès-Gonesse,36 avenue Frédéric-Joliot-Curie,Pôle emploi - Garges-lès-Gonesse 36 avenue Frédéric-Joliot-Curie
Pôle emploi - Nevers,5 bis rue du 13e-de-Ligne,Pôle emploi - Nevers 5 bis rue du 13e-de-Ligne
Pôle emploi - Montélimar,8 rue Léon-Blum,Pôle emploi - Montélimar 8 rue Léon-Blum
Pôle emploi - Arras,2 rue de la Symphorine,Pôle emploi - Arras 2 rue de la Symphorine
Pôle emploi - Villenave-d'Ornon,1 rue Saint-Jean,Pôle emploi - Villenave-d'Ornon 1 rue Saint-Jean
Pôle emploi - Yvetot,3 avenue Micheline-Ostermeyer,Pôle emploi - Yvetot 3 avenue Micheline-Ostermeyer
Pôle emploi - Fréjus,1196 boulevard de la Mer,Pôle emploi - Fréjus 1196 boulevard de la Mer
Pôle emploi - Guyancourt,3 avenue du 8-Mai-1945,Pôle emploi - Guyancourt 3 avenue du 8-Mai-1945
Pôle emploi - Marignane,1 avenue Jacqueline-Auriol,Pôle emploi - Marignane 1 avenue Jacqueline-Auriol
Pôle emploi - La Rochelle - Lagord,7 rue du Bois-d'Hure,Pôle emploi - La Rochelle - Lagord 7 rue du Bois-d'Hure
Pôle emploi - Saint-Fons,61 rue Mathieu-Dussurgey,Pôle emploi - Saint-Fons 61 rue Mathieu-Dussurgey
Pôle emploi - Brest - Iroise,530 avenue de Tallinn,Pôle emploi - Brest - Iroise 530 avenue de Tallinn
Pôle emploi - Montpellier - Cévennes,1460 rue du Pilory,Pôle emploi - Montpellier - Cévennes 1460 rue du Pilory
Pôle emploi - Abbeville,11 rue Paul-Vimereu,Pôle emploi - Abbeville 11 rue Paul-Vimereu
Pôle emploi - Ajaccio,Avenue du Mont-Thabor,Pôle emploi - Ajaccio Avenue du Mont-Thabor
Pôle emploi - Romilly-sur-Seine,32 rue Milford-Haven,Pôle emploi - Romilly-sur-Seine 32 rue Milford-Haven
Pôle emploi - Marseille - Carré-Gabriel,31 boulevard Charles-Moretti,Pôle emploi - Marseille - Carré-Gabriel 31 boulevard Charles-Moretti
Pôle emploi - Rennes - Est,22 rue du Bignon,Pôle emploi - Rennes - Est 22 rue du Bignon
Pôle emploi - Montpellier - Castelnau,400 avenue Marcel-Dassault,Pôle emploi - Montpellier - Castelnau 400 avenue Marcel-Dassault
Pôle emploi - Granville,204 rue Paul-de-Gibon,Pôle emploi - Granville 204 rue Paul-de-Gibon
Pôle emploi - Muret,187 avenue Jacques-Douzans,Pôle emploi - Muret 187 avenue Jacques-Douzans
Pôle emploi - Sevran,2 rue Paul-Langevin,Pôle emploi - Sevran 2 rue Paul-Langevin
Pôle emploi - Portet-sur-Garonne,6 rue de l'Hôtel-de-Ville,Pôle emploi - Portet-sur-Garonne 6 rue de l'Hôtel-de-Ville
Pôle emploi - Condom,2 bis rue Lamartine,Pôle emploi - Condom 2 bis rue Lamartine
Pôle emploi - Lingolsheim,14 allée des Foulons,Pôle emploi - Lingolsheim 14 allée des Foulons
Pôle emploi - Louviers,2 boulevard du Maréchal-Joffre,Pôle emploi - Louviers 2 boulevard du Maréchal-Joffre
Pôle emploi - Figeac,6 avenue Bernard-Fontanges,Pôle emploi - Figeac 6 avenue Bernard-Fontanges
Pôle emploi - Saint-Vincent-de-Tyrosse,2 allée des Pyrénées,Pôle emploi - Saint-Vincent-de-Tyrosse 2 allée des Pyrénées
Pôle emploi - Mulhouse - Verriers,4 rue des Verriers,Pôle emploi - Mulhouse - Verriers 4 rue des Verriers
Pôle emploi - Châtillon-sur-Seine,ZAC Actipôle,Pôle emploi - Châtillon-sur-Seine ZAC Actipôle
Pôle emploi - Aubagne,88 rue de la République,Pôle emploi - Aubagne 88 rue de la République
Pôle emploi - Audincourt,1 rue Aimé-Césaire,Pôle emploi - Audincourt 1 rue Aimé-Césaire
Pôle emploi - Pont-à-Mousson,158 rue Pierre-Adt,Pôle emploi - Pont-à-Mousson 158 rue Pierre-Adt
Pôle emploi - Lanester,42 avenue François-Billoux,Pôle emploi - Lanester 42 avenue François-Billoux
Pôle emploi - Albertville,11 avenue des Chasseurs-Alpins,Pôle emploi - Albertville 11 avenue des Chasseurs-Alpins
Pôle emploi - Brignoles,269 avenue Adjudant-Chef-Broquier,Pôle emploi - Brignoles 269 avenue Adjudant-Chef-Broquier
Pôle emploi - La Flèche,3 rue Irène-Joliot-Curie,Pôle emploi - La Flèche 3 rue Irène-Joliot-Curie
Pôle emploi - Thonon-les-Bains,22 rue Jean-Blanchard,Pôle emploi - Thonon-les-Bains 22 rue Jean-Blanchard
Pôle emploi - Tournon-sur-Rhône,123 impasse Olympe-de-Gouges,Pôle emploi - Tournon-sur-Rhône 123 impasse Olympe-de-Gouges
Pôle emploi - Coutances,103 rue Geoffroy-de-Montbray,Pôle emploi - Coutances 103 rue Geoffroy-de-Montbray
Pôle emploi - Péronne - Albert,4 bis avenue Danicourt,Pôle emploi - Péronne - Albert 4 bis avenue Danicourt
Pôle emploi - Nice - Nord,98 avenue Saint-Lambert,Pôle emploi - Nice - Nord 98 avenue Saint-Lambert
Pôle emploi - Marseille - Mourepiane,Rue Albert-Cohen,Pôle emploi - Marseille - Mourepiane Rue Albert-Cohen
Pôle emploi - Lons,2 rue Pierre-Gilles-de-Gennes,Pôle emploi - Lons 2 rue Pierre-Gilles-de-Gennes
Pôle emploi - Marconnelle,484 route de Mouriez,Pôle emploi - Marconnelle 484 route de Mouriez
Pôle emploi - Olonne-sur-Mer,100 rue de la Belle-Olonnaise,Pôle emploi - Olonne-sur-Mer 100 rue de la Belle-Olonnaise
Pôle emploi - Lorient - Marine,9 rue François-Toullec,Pôle emploi - Lorient - Marine 9 rue François-Toullec
Pôle emploi - Le Havre - Souday,17 rue Paul-Souday,Pôle emploi - Le Havre - Souday 17 rue Paul-Souday
Pôle emploi - Forbach - Ville-Haute,1 rue Jean-Monnet,Pôle emploi - Forbach - Ville-Haute 1 rue Jean-Monnet
Pôle emploi - Saint-Raphaël,386 voie Denis-Papin,Pôle emploi - Saint-Raphaël 386 voie Denis-Papin
Pôle emploi - Concarneau,17 rue Aimé-Césaire,Pôle emploi - Concarneau 17 rue Aimé-Césaire
Pôle emploi - Bagnols-sur-Cèze,520 avenue Roger-Salengro,Pôle emploi - Bagnols-sur-Cèze 520 avenue Roger-Salengro
Pôle emploi - Verneuil-sur-Avre,135 rue Porte-de-Mortagne,Pôle emploi - Verneuil-sur-Avre 135 rue Porte-de-Mortagne
Pôle emploi - Saint-Brieuc - Sud,3 rue Jean-Grenier,Pôle emploi - Saint-Brieuc - Sud 3 rue Jean-Grenier
Pôle emploi - Hérouville,8 place de l'Europe,Pôle emploi - Hérouville 8 place de l'Europe
Pôle emploi - Vernouillet,3 avenue Marc-Chappey,Pôle emploi - Vernouillet 3 avenue Marc-Chappey
Pôle emploi - Toulouse - La Plaine,1 impasse René-Couzinet,Pôle emploi - Toulouse - La Plaine 1 impasse René-Couzinet
Pôle emploi - Vénissieux,27 avenue de la République,Pôle emploi - Vénissieux 27 avenue de la République
Pôle emploi - Hem,1 parvis Berthelot,Pôle emploi - Hem 1 parvis Berthelot
Pôle emploi - Bron,3 avenue du 8-Mai-1945,Pôle emploi - Bron 3 avenue du 8-Mai-1945
Pôle emploi - Saint-François,Route de la Rocade,Pôle emploi - Saint-François Route de la Rocade
Pôle emploi - Vernon,3 rue Hannah-Arendt,Pôle emploi - Vernon 3 rue Hannah-Arendt
Pôle emploi - Aix-en-Provence - Aix-Vallée-Arc,95 chemin Roger-Martin,Pôle emploi - Aix-en-Provence - Aix-Vallée-Arc 95 chemin Roger-Martin
Pôle emploi - Apt,461 voie Domitienne,Pôle emploi - Apt 461 voie Domitienne
Pôle emploi - Plaisir,1416 boulevard Léon-Blum,Pôle emploi - Plaisir 1416 boulevard Léon-Blum
Pôle emploi - Ivry-sur-Seine,161 avenue de Verdun,Pôle emploi - Ivry-sur-Seine 161 avenue de Verdun
Pôle emploi - Toulouse - Cartoucherie,82 voie du Toec,Pôle emploi - Toulouse - Cartoucherie 82 voie du Toec
Pôle emploi - Courbevoie,17 rue du Président-Kruger,Pôle emploi - Courbevoie 17 rue du Président-Kruger
Pôle emploi - Chambéry - Mudry,85 rue Auguste-Mudry,Pôle emploi - Chambéry - Mudry 85 rue Auguste-Mudry
Pôle emploi - Sedan,5 rue Berthelot,Pôle emploi - Sedan 5 rue Berthelot
Pôle emploi - L'Île-Rousse,Col de Fogata,Pôle emploi - L'Île-Rousse Col de Fogata
Pôle emploi - Chamalières,78 avenue des Thermes,Pôle emploi - Chamalières 78 avenue des Thermes
Pôle emploi - Noyon,6 rue du Long-Pont,Pôle emploi - Noyon 6 rue du Long-Pont
Pôle emploi - Besançon - Palente,6 rue du Muguet,Pôle emploi - Besançon - Palente 6 rue du Muguet
Pôle emploi - Persan,4 rue Jean-Moulin,Pôle emploi - Persan 4 rue Jean-Moulin
Pôle emploi - Rouen - Beauvoisine,7 rue de Neufchâtel,Pôle emploi - Rouen - Beauvoisine 7 rue de Neufchâtel
Pôle emploi - Roubaix - Centre,74 Grande rue,Pôle emploi - Roubaix - Centre 74 Grande rue
Pôle emploi - Sarlat,1 route du Pont-de-Campagnac,Pôle emploi - Sarlat 1 route du Pont-de-Campagnac
Pôle emploi - Gap,26 boulevard Georges-Pompidou,Pôle emploi - Gap 26 boulevard Georges-Pompidou
Pôle emploi - Clermont-l'Hérault,16 bis avenue de Montpellier,Pôle emploi - Clermont-l'Hérault 16 bis avenue de Montpellier
Pôle emploi - Vannes - Ouest,3 rue Marie-Curie,Pôle emploi - Vannes - Ouest 3 rue Marie-Curie
Pôle emploi - Biarritz,8 ter rue Bordé-d'André,Pôle emploi - Biarritz 8 ter rue Bordé-d'André
Pôle emploi - Reims - Jeanne-d'Arc,1 rue des Thiolettes,Pôle emploi - Reims - Jeanne-d'Arc 1 rue des Thiolettes
Pôle emploi - Sainte-Clotilde,14 rue Claude-Debussy,Pôle emploi - Sainte-Clotilde 14 rue Claude-Debussy
Pôle emploi - Montmélian,363 avenue de la Gare,Pôle emploi - Montmélian 363 avenue de la Gare
Pôle emploi - Le Tampon,106 rue Martinel-Lassays,Pôle emploi - Le Tampon 106 rue Martinel-Lassays
Pôle emploi - Manosque,126 traverse Françoise-Dolto,Pôle emploi - Manosque 126 traverse Françoise-Dolto
Pôle emploi - Strasbourg - Danube,31 avenue du Rhin,Pôle emploi - Strasbourg - Danube 31 avenue du Rhin
Pôle emploi - Ermont,90 rue Raoul-Dautry,Pôle emploi - Ermont 90 rue Raoul-Dautry
Pôle emploi - Caudry,111 rue Gustave-Delory,Pôle emploi - Caudry 111 rue Gustave-Delory
Pôle emploi - Paris - 20e arrondissement - Vitruve,60 rue Vitruve,Pôle emploi - Paris - 20e arrondissement - Vitruve 60 rue Vitruve
Pôle emploi - La Seyne-sur-Mer,124 avenue Louis-Curet,Pôle emploi - La Seyne-sur-Mer 124 avenue Louis-Curet
Pôle emploi - La Ferté-Bernard,57 avenue du Général-de-Gaulle,Pôle emploi - La Ferté-Bernard 57 avenue du Général-de-Gaulle
Pôle emploi - Rouen - Saint-Sever,26 place Gadeau de Kerville,Pôle emploi - Rouen - Saint-Sever 26 place Gadeau de Kerville
Pôle emploi - Marseille - Cap-Pinède,5 boulevard de la Méditerranée,Pôle emploi - Marseille - Cap-Pinède 5 boulevard de la Méditerranée
Pôle emploi - Montceau-les-Mines,5 rue Saint-Éloi,Pôle emploi - Montceau-les-Mines 5 rue Saint-Éloi
Pôle emploi - Saint-Girons,14 chemin de Pégoumas,Pôle emploi - Saint-Girons 14 chemin de Pégoumas
Pôle emploi - Saint-Jean,6 chemin du Bois-de-Saget,Pôle emploi - Saint-Jean 6 chemin du Bois-de-Saget
Pôle emploi - Bourges - Baudens,5 bis boulevard du Maréchal-Joffre,Pôle emploi - Bourges - Baudens 5 bis boulevard du Maréchal-Joffre
Pôle emploi - Paris - 19e arrondissement - Armand-Carrel,44 rue Armand-Carrel,Pôle emploi - Paris - 19e arrondissement - Armand-Carrel 44 rue Armand-Carrel
Pôle emploi - Rive-de-Gier,1 rue de la Petite-Vitesse,Pôle emploi - Rive-de-Gier 1 rue de la Petite-Vitesse
Pôle emploi - Tonnerre,5 place de la Gare,Pôle emploi - Tonnerre 5 place de la Gare
Pôle emploi - Sens,47 rue du 19-Mars-1962,Pôle emploi - Sens 47 rue du 19-Mars-1962
Pôle emploi - Montpellier - Méditerranée,300 impasse John-Locke,Pôle emploi - Montpellier - Méditerranée 300 impasse John-Locke
Pôle emploi - La Côte-Saint-André,12 rue du Commandant-Julhiet,Pôle emploi - La Côte-Saint-André 12 rue du Commandant-Julhiet
Pôle emploi - Lagny-sur-Marne,2630 rue du Pont-Hardy,Pôle emploi - Lagny-sur-Marne 2630 rue du Pont-Hardy
Pôle emploi - Calais - Mollien,66 rue Mollien,Pôle emploi - Calais - Mollien 66 rue Mollien
Pôle emploi - Issy-les-Moulineaux,2 rue Victor-Hugo,Pôle emploi - Issy-les-Moulineaux 2 rue Victor-Hugo
Pôle emploi - Lamballe,5 avenue Georges-Clemenceau,Pôle emploi - Lamballe 5 avenue Georges-Clemenceau
Pôle emploi - Schiltigheim,2 rue de Berne,Pôle emploi - Schiltigheim 2 rue de Berne
Pôle emploi - Toulouse - Bellefontaine,63 allée de Bellefontaine,Pôle emploi - Toulouse - Bellefontaine 63 allée de Bellefontaine
Pôle emploi - Paris - 12e arrondissement - Diderot,3 boulevard Diderot,Pôle emploi - Paris - 12e arrondissement - Diderot 3 boulevard Diderot
Pôle emploi - Villefontaine,315 rue Serge-Mauroit,Pôle emploi - Villefontaine 315 rue Serge-Mauroit
Pôle emploi - Lyon-Cadres,6 cours André-Philip,Pôle emploi - Lyon-Cadres 6 cours André-Philip
Pôle emploi - Oyonnax,188 rue Anatole-France,Pôle emploi - Oyonnax 188 rue Anatole-France
Pôle emploi - Château-Thierry,56 avenue de la République,Pôle emploi - Château-Thierry 56 avenue de la République
Pôle emploi - Brest - Europe,11 rue du 8-Mai-1945,Pôle emploi - Brest - Europe 11 rue du 8-Mai-1945
Pôle emploi - Dourdan,3 avenue Eugène-Vernholes,Pôle emploi - Dourdan 3 avenue Eugène-Vernholes
Pôle emploi - Nice - Centre,44 rue Berlioz,Pôle emploi - Nice - Centre 44 rue Berlioz
Pôle emploi - Prades,4 place du Docteur-Jacques-Salies,Pôle emploi - Prades 4 place du Docteur-Jacques-Salies
Pôle emploi - Saint-Priest,100 avenue Aristide-Briand,Pôle emploi - Saint-Priest 100 avenue Aristide-Briand
Pôle emploi - Sézanne,51 rue Aristide-Briand,Pôle emploi - Sézanne 51 rue Aristide-Briand
Pôle emploi - Dijon-Est,2 rue des Charrières,Pôle emploi - Dijon-Est 2 rue des Charrières
Pôle emploi - Aubusson,Esplanade Charles-de-Gaulle,Pôle emploi - Aubusson Esplanade Charles-de-Gaulle
Pôle emploi - La Ferté-sous-Jouarre,8 rue de la Gare,Pôle emploi - La Ferté-sous-Jouarre 8 rue de la Gare
Pôle emploi - Saint-Nazaire,10 boulevard de l'Université,Pôle emploi - Saint-Nazaire 10 boulevard de l'Université
Pôle emploi - Redon,3 rue Charles-Sillard,Pôle emploi - Redon 3 rue Charles-Sillard
Pôle emploi - Paris - 15e arrondissement - Brancion - AVS-placement-artistes,10 rue Brancion,Pôle emploi - Paris - 15e arrondissement - Brancion - AVS-placement-artistes 10 rue Brancion
Pôle emploi - Cambrai,16 rue du Colonel-Francis-Nicol,Pôle emploi - Cambrai 16 rue du Colonel-Francis-Nicol
Pôle emploi - Guebwiller,170 rue de la République,Pôle emploi - Guebwiller 170 rue de la République
Pôle emploi - Alès - Gardon,5 avenue Jean-Baptiste-Dumas,Pôle emploi - Alès - Gardon 5 avenue Jean-Baptiste-Dumas
Pôle emploi - Moulins,42 place Jean-Moulin,Pôle emploi - Moulins 42 place Jean-Moulin
Pôle emploi - Valenciennes,21 rue des Frères-Dana,Pôle emploi - Valenciennes 21 rue des Frères-Dana
Pôle emploi - Nantes - Centre,8 avenue du Petit-Clos,Pôle emploi - Nantes - Centre 8 avenue du Petit-Clos
Pôle emploi - L'Isle-Jourdain,12 rue Roger Couderc,Pôle emploi - L'Isle-Jourdain 12 rue Roger Couderc
Pôle emploi - Nantes - Sainte-Luce,1 allée des Citronniers,Pôle emploi - Nantes - Sainte-Luce 1 allée des Citronniers
Pôle emploi - Puteaux,116 rue de Verdun,Pôle emploi - Puteaux 116 rue de Verdun
Pôle emploi - Montargis,111 rue des Déportés-et-des-Internés-de-la-Résistance,Pôle emploi - Montargis 111 rue des Déportés-et-des-Internés-de-la-Résistance
Pôle emploi - Cahors - Hautesserre,94 rue Hauteserre,Pôle emploi - Cahors - Hautesserre 94 rue Hauteserre
Pôle emploi - Molsheim,16 bis rue Gaston-Romazzotti,Pôle emploi - Molsheim 16 bis rue Gaston-Romazzotti
Pôle emploi - Levallois-Perret,99 rue Anatole-France,Pôle emploi - Levallois-Perret 99 rue Anatole-France
Pôle emploi - Marmande,35 rue Portogruaro,Pôle emploi - Marmande 35 rue Portogruaro
Pôle emploi - Belleville,16 rue du Bois-Baron,Pôle emploi - Belleville 16 rue du Bois-Baron
Pôle emploi - Montmorillon,4 rue Daniel-Cormier,Pôle emploi - Montmorillon 4 rue Daniel-Cormier
Pôle emploi - Chartres - Gare,21 rue Pierre-Nicole,Pôle emploi - Chartres - Gare 21 rue Pierre-Nicole
Pôle emploi - Châtellerault,1 rue Georges-Charpak,Pôle emploi - Châtellerault 1 rue Georges-Charpak
Pôle emploi - Loches,1 place du Maréchal-Leclerc,Pôle emploi - Loches 1 place du Maréchal-Leclerc
Pôle emploi - Auxerre - Clairions,49 rue Guynemer,Pôle emploi - Auxerre - Clairions 49 rue Guynemer
Pôle emploi - Port-Louis,Boulevard Jacques-Edwige,Pôle emploi - Port-Louis Boulevard Jacques-Edwige
Pôle emploi - Valence - Victor-Hugo,333 avenue Victor-Hugo,Pôle emploi - Valence - Victor-Hugo 333 avenue Victor-Hugo
Pôle emploi - Monistrol,7 boulevard François-Mitterrand,Pôle emploi - Monistrol 7 boulevard François-Mitterrand
Pôle emploi - Vire,71 rue d'Aunay,Pôle emploi - Vire 71 rue d'Aunay
Pôle emploi - Saint-Ouen-l'Aumône,60 rue de Paris,Pôle emploi - Saint-Ouen-l'Aumône 60 rue de Paris
Pôle emploi - Lannion,1 rue du Muguet,Pôle emploi - Lannion 1 rue du Muguet
Pôle emploi - Cogolin,98 rue Carnot,Pôle emploi - Cogolin 98 rue Carnot
Pôle emploi - Le Mans - Ouest,2 avenue Georges-Auric,Pôle emploi - Le Mans - Ouest 2 avenue Georges-Auric
Pôle emploi - Annonay,34 boulevard de la République,Pôle emploi - Annonay 34 boulevard de la République
Pôle emploi - Fontenay-le-Comte,3 rue de l'Ouillette,Pôle emploi - Fontenay-le-Comte 3 rue de l'Ouillette
Pôle emploi - Bailleul,656 route de Méteren,Pôle emploi - Bailleul 656 route de Méteren
Pôle emploi - Tulle,Rue du 9-Juin-1944,Pôle emploi - Tulle Rue du 9-Juin-1944
Pôle emploi - Lille - Lomme,538 B avenue de Dunkerque,Pôle emploi - Lille - Lomme 538 B avenue de Dunkerque
Pôle emploi - Pointe-à-Pitre - Bergevin,Rue de la Ville-d'Orly,Pôle emploi - Pointe-à-Pitre - Bergevin Rue de la Ville-d'Orly
Pôle emploi - Nîmes - Courbessac,335 route d'Avignon,Pôle emploi - Nîmes - Courbessac 335 route d'Avignon
Pôle emploi - Mortagne,ZC de Préfontaine,Pôle emploi - Mortagne ZC de Préfontaine
Pôle emploi - Decize,121 avenue de Verdun,Pôle emploi - Decize 121 avenue de Verdun
Pôle emploi - Pithiviers,Rue Olympe-de-Gouges,Pôle emploi - Pithiviers Rue Olympe-de-Gouges
Pôle emploi - Futuroscope,Avenue Jean-Monnet,Pôle emploi - Futuroscope Avenue Jean-Monnet
Pôle emploi - Sélestat,14 rue de la Manufacture,Pôle emploi - Sélestat 14 rue de la Manufacture
Pôle emploi - Tarbes - Pyrénées,24 avenue Aristide-Briand,Pôle emploi - Tarbes - Pyrénées 24 avenue Aristide-Briand
Pôle emploi - Hyères,195 avenue Jean-Moulin,Pôle emploi - Hyères 195 avenue Jean-Moulin
Pôle emploi - Tarbes - Arsenal,Rue de la Cartoucherie,Pôle emploi - Tarbes - Arsenal Rue de la Cartoucherie
Pôle emploi - Lille - Grand-Sud,1 rue Jean-Walter,Pôle emploi - Lille - Grand-Sud 1 rue Jean-Walter
Pôle emploi - Hagondange,15 rue des Artisans,Pôle emploi - Hagondange 15 rue des Artisans
Pôle emploi - Rosny-sous-Bois,6 rue de Rome,Pôle emploi - Rosny-sous-Bois 6 rue de Rome
Pôle emploi - Marseille - Belle-de-Mai,26 rue Jobin,Pôle emploi - Marseille - Belle-de-Mai 26 rue Jobin
Pôle emploi - Viry-Châtillon,16 rue de Ris,Pôle emploi - Viry-Châtillon 16 rue de Ris
Pôle emploi - Sainte-Geneviève-des-Bois,141 route de Corbeil,Pôle emploi - Sainte-Geneviève-des-Bois 141 route de Corbeil
Pôle emploi - Vitré,9 place du Champ-de-Foire,Pôle emploi - Vitré 9 place du Champ-de-Foire
Pôle emploi - Paris - 16e et 17e arrondissements - Cardinet,8 rue Bernard-Buffet,Pôle emploi - Paris - 16e et 17e arrondissements - Cardinet 8 rue Bernard-Buffet
Pôle emploi - Saint-Pol-sur-Ternoise,Rue de Canteraine,Pôle emploi - Saint-Pol-sur-Ternoise Rue de Canteraine
Pôle emploi - Agen,104 avenue du Docteur-Jean-Bru,Pôle emploi - Agen 104 avenue du Docteur-Jean-Bru
Pôle emploi - Sète,220 avenue Maréchal-Juin,Pôle emploi - Sète 220 avenue Maréchal-Juin
Pôle emploi - Provins,10 rue de la Foire-aux-Chevaux,Pôle emploi - Provins 10 rue de la Foire-aux-Chevaux
Pôle emploi - Échirolles,33 rue Normandie-Niemen,Pôle emploi - Échirolles 33 rue Normandie-Niemen
Pôle emploi - Ploërmel,Rue Georges-Brassens,Pôle emploi - Ploërmel Rue Georges-Brassens
"Pôle emploi - Paris - 7e, 8e et 9e arrondissements - Saint-Pétersbourg",34 rue Saint-Pétersbourg,"Pôle emploi - Paris - 7e, 8e et 9e arrondissements - Saint-Pétersbourg 34 rue Saint-Pétersbourg"
Pôle emploi - La Rochelle - Bel-Air,88 rue de Bel-Air,Pôle emploi - La Rochelle - Bel-Air 88 rue de Bel-Air
Pôle emploi - Carentan,28 rue du 101e-Airborne,Pôle emploi - Carentan 28 rue du 101e-Airborne
Pôle emploi - Nogent-le-Rotrou,50 rue Émile-Gohon,Pôle emploi - Nogent-le-Rotrou 50 rue Émile-Gohon
Pôle emploi - Évry,9 cours Blaise-Pascal,Pôle emploi - Évry 9 cours Blaise-Pascal
Pôle emploi - Béziers - Capiscol,166 rue Maurice-Béjart,Pôle emploi - Béziers - Capiscol 166 rue Maurice-Béjart
Pôle emploi - Champagnole,190 rue Alfred-et-Maurice-Bouvet,Pôle emploi - Champagnole 190 rue Alfred-et-Maurice-Bouvet
Pôle emploi - Porto-Vecchio,Route Arca,Pôle emploi - Porto-Vecchio Route Arca
Pôle emploi - Marseille - Château-Gombert,Rue Frédéric-Joliot-Curie,Pôle emploi - Marseille - Château-Gombert Rue Frédéric-Joliot-Curie
Pôle emploi - Le Havre - Ferrer,17 rue Ferrer,Pôle emploi - Le Havre - Ferrer 17 rue Ferrer
Pôle emploi - Dijon - Nord,33 rue Elsa-Triolet,Pôle emploi - Dijon - Nord 33 rue Elsa-Triolet
Pôle emploi - Choisy-le-Roi,1 place des Alliés,Pôle emploi - Choisy-le-Roi 1 place des Alliés
Pôle emploi - Romorantin-Lanthenay,16 avenue Saint-Exupéry,Pôle emploi - Romorantin-Lanthenay 16 avenue Saint-Exupéry
Pôle emploi - La Courneuve,139 avenue Paul-Vaillant-Couturier,Pôle emploi - La Courneuve 139 avenue Paul-Vaillant-Couturier
Pôle emploi - Blain,1 rue des Droits-de-l'Homme,Pôle emploi - Blain 1 rue des Droits-de-l'Homme
Pôle emploi - Castelsarrasin,4 côte des Charretiers,Pôle emploi - Castelsarrasin 4 côte des Charretiers
Pôle emploi - Saint-Denis - Réunion,357 rue Maréchal-Leclerc,Pôle emploi - Saint-Denis - Réunion 357 rue Maréchal-Leclerc
Pôle emploi - Cosne-Cours-sur-Loire,45 bis rue du Général-Binot,Pôle emploi - Cosne-Cours-sur-Loire 45 bis rue du Général-Binot
Pôle emploi - Bar-sur-Aube,55 rue Général-de-Gaulle,Pôle emploi - Bar-sur-Aube 55 rue Général-de-Gaulle
Pôle emploi - Crépy-en-Valois,5 rue Blaise-Pascal,Pôle emploi - Crépy-en-Valois 5 rue Blaise-Pascal
Pôle emploi - Belley,62 rue Juvanon-du-Vachat,Pôle emploi - Belley 62 rue Juvanon-du-Vachat
Pôle emploi - Oloron-Sainte-Marie,7 rue du Gouverneur-Général-Bordes,Pôle emploi - Oloron-Sainte-Marie 7 rue du Gouverneur-Général-Bordes
Pôle emploi - Chauny,25 rue Jean-Monnet,Pôle emploi - Chauny 25 rue Jean-Monnet
Pôle emploi - Saverne,16 rue du Zornhoff,Pôle emploi - Saverne 16 rue du Zornhoff
Pôle emploi - Paris - 10e arrondissement - Vicq-d'Azir,26 rue Vicq-d'Azir,Pôle emploi - Paris - 10e arrondissement - Vicq-d'Azir 26 rue Vicq-d'Azir
Pôle emploi - Sablé-sur-Sarthe,7 rue de la Martinière,Pôle emploi - Sablé-sur-Sarthe 7 rue de la Martinière
Pôle emploi - La Baule - Guérande,3 bis avenue des Noëlles,Pôle emploi - La Baule - Guérande 3 bis avenue des Noëlles
Pôle emploi - Segré-en-Anjou Bleu,1 rue Auguste-Rodin,Pôle emploi - Segré-en-Anjou Bleu 1 rue Auguste-Rodin
Pôle emploi - Sucy-en-Brie,9 allée du Pacifique,Pôle emploi - Sucy-en-Brie 9 allée du Pacifique
Pôle emploi - Dijon - Sud,93 avenue Jean-Jaurès,Pôle emploi - Dijon - Sud 93 avenue Jean-Jaurès
Pôle emploi - Longuenesse,21 rue Brueghel,Pôle emploi - Longuenesse 21 rue Brueghel
Pôle emploi - Saint-Martin-Boulogne,37 rue Montjoie,Pôle emploi - Saint-Martin-Boulogne 37 rue Montjoie
Pôle emploi - Tournus,Rue Cardinal-de-Fleury,Pôle emploi - Tournus Rue Cardinal-de-Fleury
Pôle emploi - Paris - 18e arrondissement - Ney - Cadres,78 boulevard Ney,Pôle emploi - Paris - 18e arrondissement - Ney - Cadres 78 boulevard Ney
Pôle emploi - Cachan,8 rue François-Delage,Pôle emploi - Cachan 8 rue François-Delage
Pôle emploi - Châteaubriant,10 rue d'Ancenis,Pôle emploi - Châteaubriant 10 rue d'Ancenis
Pôle emploi - Saint-Louis,123 rue de Mulhouse,Pôle emploi - Saint-Louis 123 rue de Mulhouse
Pôle emploi - Argenteuil,47 boulevard Jean-Allemane,Pôle emploi - Argenteuil 47 boulevard Jean-Allemane
Pôle emploi - Amiens - Dury,1 place des Magnolias,Pôle emploi - Amiens - Dury 1 place des Magnolias
Pôle emploi - Bernay,28 rue Guillaume-de-la-Tremblaye,Pôle emploi - Bernay 28 rue Guillaume-de-la-Tremblaye
Pôle emploi - Troyes - Copainville,3 allée Yves-de-Copainville,Pôle emploi - Troyes - Copainville 3 allée Yves-de-Copainville
Pôle emploi - Angers - Europe,9 bis boulevard Auguste-Allonneau,Pôle emploi - Angers - Europe 9 bis boulevard Auguste-Allonneau
Pôle emploi - Tremblay-en-France,43 avenue Nelson-Mandela,Pôle emploi - Tremblay-en-France 43 avenue Nelson-Mandela
Pôle emploi - Vienne,30 avenue du Général-Leclerc,Pôle emploi - Vienne 30 avenue du Général-Leclerc
Pôle emploi - Pont-Audemer,8 rue du Président-Georges-Pompidou,Pôle emploi - Pont-Audemer 8 rue du Président-Georges-Pompidou
Pôle emploi - Denain,6 allée du 24-Juillet-1712,Pôle emploi - Denain 6 allée du 24-Juillet-1712
Pôle emploi - Lens - Laloux,40 rue Hector-Laloux,Pôle emploi - Lens - Laloux 40 rue Hector-Laloux
Pôle emploi - Nanterre,20 rue Gambetta,Pôle emploi - Nanterre 20 rue Gambetta
Pôle emploi - Saint-Dié-des-Vosges,5 rue Marie-Marvingt,Pôle emploi - Saint-Dié-des-Vosges 5 rue Marie-Marvingt
Pôle emploi - Graulhet,Avenue Rhin-et-Danube,Pôle emploi - Graulhet Avenue Rhin-et-Danube
Pôle emploi - Noisy-le-Sec,54 rue Paul-Vaillant-Couturier,Pôle emploi - Noisy-le-Sec 54 rue Paul-Vaillant-Couturier
Pôle emploi - Clermont-Ferrand - Est,20 rue du Pré-la-Reine,Pôle emploi - Clermont-Ferrand - Est 20 rue du Pré-la-Reine
Pôle emploi - Saint-Étienne - Clapier,18 avenue Augustin-Dupré,Pôle emploi - Saint-Étienne - Clapier 18 avenue Augustin-Dupré
Pôle emploi - Lyon - Albert-Thomas,68 cours Albert-Thomas,Pôle emploi - Lyon - Albert-Thomas 68 cours Albert-Thomas
Pôle emploi - Maubeuge - Pasteur,60 ter boulevard Pasteur,Pôle emploi - Maubeuge - Pasteur 60 ter boulevard Pasteur
Pôle emploi - Nancy - Gentilly,199 rue Julie-Victoire-Daubie,Pôle emploi - Nancy - Gentilly 199 rue Julie-Victoire-Daubie
Pôle emploi - Montpellier - Mas-de-Grille,Rue Théophraste-Renaudot,Pôle emploi - Montpellier - Mas-de-Grille Rue Théophraste-Renaudot
Pôle emploi - Saint-Médard-en-Jalles,59 rue Jean-Duperrier,Pôle emploi - Saint-Médard-en-Jalles 59 rue Jean-Duperrier
Pôle emploi - Halluin,Boulevard de Roncq,Pôle emploi - Halluin Boulevard de Roncq
Pôle emploi - Lucé,1 impasse des Granges,Pôle emploi - Lucé 1 impasse des Granges
Pôle emploi - Sainte-Rose,ZAC de Nolivier,Pôle emploi - Sainte-Rose ZAC de Nolivier
Pôle emploi - Morlaix,10 rue Louis-le-Jeune,Pôle emploi - Morlaix 10 rue Louis-le-Jeune
Pôle emploi - Alès - Avene,29 chemin des Deux-Mas,Pôle emploi - Alès - Avene 29 chemin des Deux-Mas
Pôle emploi - Cayenne - Baduel,Route de Baduel,Pôle emploi - Cayenne - Baduel Route de Baduel
Pôle emploi - Rethel,3 rue Georges-Bizet,Pôle emploi - Rethel 3 rue Georges-Bizet
Pôle emploi - Champigny-sur-Marne,17 avenue Marx-Dormoy,Pôle emploi - Champigny-sur-Marne 17 avenue Marx-Dormoy
Pôle emploi - Martigues,124 avenue Clément-Escoffier,Pôle emploi - Martigues 124 avenue Clément-Escoffier
Pôle emploi - Saint-Sébastien,13 rue Marie-Curie,Pôle emploi - Saint-Sébastien 13 rue Marie-Curie
Pôle emploi - Nemours,30 avenue de Lyon,Pôle emploi - Nemours 30 avenue de Lyon
Pôle emploi - Ussel,47 avenue Turgot,Pôle emploi - Ussel 47 avenue Turgot
Pôle emploi - Lavelanet,Place Saint-Éxupéry,Pôle emploi - Lavelanet Place Saint-Éxupéry
Pôle emploi - Saint-Flour,16 avenue de Besserette,Pôle emploi - Saint-Flour 16 avenue de Besserette
Pôle emploi - Amiens - Tellier,Rue Paul-Tellier,Pôle emploi - Amiens - Tellier Rue Paul-Tellier
Pôle emploi - Condé-sur-l'Escaut,89 rue de la Chaussiette,Pôle emploi - Condé-sur-l'Escaut 89 rue de la Chaussiette
Pôle emploi - Bègles,7 avenue Robert-Schuman,Pôle emploi - Bègles 7 avenue Robert-Schuman
Pôle emploi - Mondeville,5 rue Paul-Louis-Halley,Pôle emploi - Mondeville 5 rue Paul-Louis-Halley
Pôle emploi - Rouen - Quevilly,5 rue Fleury,Pôle emploi - Rouen - Quevilly 5 rue Fleury
Pôle emploi - Nice - Est,30 rue Fontaine-de-la-Ville,Pôle emploi - Nice - Est 30 rue Fontaine-de-la-Ville
Pôle emploi - Saint-Benoît,4 rue des Glaïeuls,Pôle emploi - Saint-Benoît 4 rue des Glaïeuls
Pôle emploi - Fécamp,122 avenue Jean-Lorrain,Pôle emploi - Fécamp 122 avenue Jean-Lorrain
Pôle emploi - Paris - 5e et 13e arrondissements - Daviel,27 rue Daviel,Pôle emploi - Paris - 5e et 13e arrondissements - Daviel 27 rue Daviel
Pôle emploi - Bar-le-Duc,77 rue Ernest-Bradfer,Pôle emploi - Bar-le-Duc 77 rue Ernest-Bradfer
Pôle emploi - Sin-le-Noble,309 avenue du Maréchal-Leclerc,Pôle emploi - Sin-le-Noble 309 avenue du Maréchal-Leclerc
Pôle emploi - Lisieux,88 avenue Guillaume-le-Conquérant,Pôle emploi - Lisieux 88 avenue Guillaume-le-Conquérant
Pôle emploi - Albi,17 rue Gabriel-Compayre,Pôle emploi - Albi 17 rue Gabriel-Compayre
Pôle emploi - Fougères,15 rue Hippolyte-Réhault,Pôle emploi - Fougères 15 rue Hippolyte-Réhault
Pôle emploi - Colomiers,25 boulevard Victor-Hugo,Pôle emploi - Colomiers 25 boulevard Victor-Hugo
Pôle emploi - Rueil-Malmaison,128 rue Danton,Pôle emploi - Rueil-Malmaison 128 rue Danton
Pôle emploi - Castelginest,12 rue du Pont-Vieil,Pôle emploi - Castelginest 12 rue du Pont-Vieil
Pôle emploi - Metz - Blida,3 avenue de Blida,Pôle emploi - Metz - Blida 3 avenue de Blida
Pôle emploi - Paris - 15e arrondissement - Avs indemnisation,202 rue de la Croix-Nivert,Pôle emploi - Paris - 15e arrondissement - Avs indemnisation 202 rue de la Croix-Nivert
Pôle emploi - Berck-sur-Mer,2 chemin des Pourrières,Pôle emploi - Berck-sur-Mer 2 chemin des Pourrières
Pôle emploi - Saint-Lô,419 rue Alexis-de-Tocqueville,Pôle emploi - Saint-Lô 419 rue Alexis-de-Tocqueville
Pôle emploi - Rennes - Sud,2 bis avenue des Pays-Bas,Pôle emploi - Rennes - Sud 2 bis avenue des Pays-Bas
Pôle emploi - Chaumont,22 rue Jules-Chéret,Pôle emploi - Chaumont 22 rue Jules-Chéret
Pôle emploi - Meyzieu,20 rue de la République,Pôle emploi - Meyzieu 20 rue de la République
Pôle emploi - Sartrouville,27 rue Lamartine,Pôle emploi - Sartrouville 27 rue Lamartine
Pôle emploi - Mont-de-Marsan,105 rue Renée-Darriet,Pôle emploi - Mont-de-Marsan 105 rue Renée-Darriet
Pôle emploi - Les Mureaux,160 avenue Paul-Raoult,Pôle emploi - Les Mureaux 160 avenue Paul-Raoult
Pôle emploi - Héricourt,33 I faubourg de Montbéliard,Pôle emploi - Héricourt 33 I faubourg de Montbéliard
Pôle emploi - Aurillac,9 avenue Commandant-Monraisse,Pôle emploi - Aurillac 9 avenue Commandant-Monraisse
Pôle emploi - Draguignan,105 place du 7e-Bataillon-de-Chasseurs-Alpins,Pôle emploi - Draguignan 105 place du 7e-Bataillon-de-Chasseurs-Alpins
Pôle emploi - Le Cateau-Cambrésis,64 rue de Landrecies,Pôle emploi - Le Cateau-Cambrésis 64 rue de Landrecies
Pôle emploi - Combourg,4 allée de Lohon,Pôle emploi - Combourg 4 allée de Lohon
Pôle emploi - Bordeaux - Nord,5 place Ravezies,Pôle emploi - Bordeaux - Nord 5 place Ravezies
Pôle emploi - Avranches,2 rue des Sablonnières,Pôle emploi - Avranches 2 rue des Sablonnières
Pôle emploi - Friville-Escarbotin,191 bis rue Henri-Barbusse,Pôle emploi - Friville-Escarbotin 191 bis rue Henri-Barbusse
Pôle emploi - Mimizan,113 allée Malichecq,Pôle emploi - Mimizan 113 allée Malichecq
Pôle emploi - Beaupréau,67 rue de la Lime,Pôle emploi - Beaupréau 67 rue de la Lime
Pôle emploi - Pantin,188 avenue Jean-Lolive,Pôle emploi - Pantin 188 avenue Jean-Lolive
Pôle emploi - Doullens,Impasse Tivoli,Pôle emploi - Doullens Impasse Tivoli
Pôle emploi - Coulommiers,16 rue des Longs-Sillons,Pôle emploi - Coulommiers 16 rue des Longs-Sillons
Pôle emploi - Haubourdin,42 rue Pasteur,Pôle emploi - Haubourdin 42 rue Pasteur
Pôle emploi - Alençon,2 avenue John-Fitzgerald-Kennedy,Pôle emploi - Alençon 2 avenue John-Fitzgerald-Kennedy
Pôle emploi - Rambouillet,1 rue Claude-Chappe,Pôle emploi - Rambouillet 1 rue Claude-Chappe
Pôle emploi - Mantes-la-Jolie,2 bis boulevard Calmette,Pôle emploi - Mantes-la-Jolie 2 bis boulevard Calmette
Pôle emploi - Lyon - Confluence,59 rue Denuzière,Pôle emploi - Lyon - Confluence 59 rue Denuzière
Pôle emploi - Montigny-lès-Metz,325 rue de Pont-à-Mousson,Pôle emploi - Montigny-lès-Metz 325 rue de Pont-à-Mousson
Pôle emploi - Haguenau,33 rue de la Redoute,Pôle emploi - Haguenau 33 rue de la Redoute
Pôle emploi - Bagneux,157 rue des Blains,Pôle emploi - Bagneux 157 rue des Blains
Pôle emploi - Taverny,47 rue de Montmorency,Pôle emploi - Taverny 47 rue de Montmorency
Pôle emploi - Amiens - Millevoye,21 rue Millevoye,Pôle emploi - Amiens - Millevoye 21 rue Millevoye
Pôle emploi - Dijon - Ouest,5 boulevard du Chanoine-Kir,Pôle emploi - Dijon - Ouest 5 boulevard du Chanoine-Kir
Pôle emploi - Saint-Claude,20 route de Bellefontaine,Pôle emploi - Saint-Claude 20 route de Bellefontaine
Pôle emploi - Neuilly-sur-Marne,10 rue Jean-Perrin,Pôle emploi - Neuilly-sur-Marne 10 rue Jean-Perrin
Pôle emploi - Creutzwald,6 rue de Carling,Pôle emploi - Creutzwald 6 rue de Carling
Pôle emploi - Strasbourg - Hautepierre,9 rue Alfred-de-Vigny,Pôle emploi - Strasbourg - Hautepierre 9 rue Alfred-de-Vigny
Pôle emploi - Joigny,19 route de Chamvres,Pôle emploi - Joigny 19 route de Chamvres
Pôle emploi - Jonzac,Route Saint-Germain-de-Lusignan,Pôle emploi - Jonzac Route Saint-Germain-de-Lusignan
Pôle emploi - Gennevilliers,223 rue des Caboeufs,Pôle emploi - Gennevilliers 223 rue des Caboeufs
Pôle emploi - Noeux-les-Mines,541 rue Nationale,Pôle emploi - Noeux-les-Mines 541 rue Nationale
Pôle emploi - La Madeleine,38 allée Vauban,Pôle emploi - La Madeleine 38 allée Vauban
Pôle emploi - Lure,32 rue René-Dumont,Pôle emploi - Lure 32 rue René-Dumont
Pôle emploi - Pertuis,182 allée des Prés-Verts,Pôle emploi - Pertuis 182 allée des Prés-Verts
Pôle emploi - Vitry-sur-Seine,121 avenue Rouget-de-Lisle,Pôle emploi - Vitry-sur-Seine 121 avenue Rouget-de-Lisle
Pôle emploi - Le Vigan,ZAC de Tessan,Pôle emploi - Le Vigan ZAC de Tessan
Pôle emploi - Chennevières-sur-Marne,7 avenue de Pince-Vent,Pôle emploi - Chennevières-sur-Marne 7 avenue de Pince-Vent
Pôle emploi - Salon-de-Provence,246 rue des Canesteu,Pôle emploi - Salon-de-Provence 246 rue des Canesteu
Pôle emploi - Le Havre - Ville-Haute,20 rue Léon-Peulevey,Pôle emploi - Le Havre - Ville-Haute 20 rue Léon-Peulevey
Pôle emploi - Libourne,33 chemin du Casse,Pôle emploi - Libourne 33 chemin du Casse
Pôle emploi - Saint-Yrieix,Rue du 8-Mai-1945,Pôle emploi - Saint-Yrieix Rue du 8-Mai-1945
Pôle emploi - Poitiers - Gare,60 boulevard du Grand-Cerf,Pôle emploi - Poitiers - Gare 60 boulevard du Grand-Cerf
Pôle emploi - Clichy - Clichy-la-Garenne,23-31 rue Morel,Pôle emploi - Clichy - Clichy-la-Garenne 23-31 rue Morel
Pôle emploi - Belfort - Thiers,14 rue Thiers,Pôle emploi - Belfort - Thiers 14 rue Thiers
Pôle emploi - Arles,Rue Jean-Giono,Pôle emploi - Arles Rue Jean-Giono
Pôle emploi - Le Cannet - Var,9 rue Ambroise-Paré,Pôle emploi - Le Cannet - Var 9 rue Ambroise-Paré
Pôle emploi - Saint-Germain-en-Laye,101 rue Pereire,Pôle emploi - Saint-Germain-en-Laye 101 rue Pereire
Pôle emploi - Poitiers - Grand-Large,2 allée de la Calypso,Pôle emploi - Poitiers - Grand-Large 2 allée de la Calypso
Pôle emploi - Wissembourg,2 rue Marie-Gross-Herrel,Pôle emploi - Wissembourg 2 rue Marie-Gross-Herrel
Pôle emploi - Nîmes - Saint-Césaire,3788 avenue Kennedy,Pôle emploi - Nîmes - Saint-Césaire 3788 avenue Kennedy
Pôle emploi - Schoelcher-Madiana,40 avenue de Madiana,Pôle emploi - Schoelcher-Madiana 40 avenue de Madiana
Pôle emploi - Limoges - Ventadour,18 rue Paul-Claudel,Pôle emploi - Limoges - Ventadour 18 rue Paul-Claudel
Pôle emploi - Point-Relais-Château-Chinon,6 place Notre-Dame,Pôle emploi - Point-Relais-Château-Chinon 6 place Notre-Dame
Pôle emploi - Trappes,130 avenue des Bouleaux,Pôle emploi - Trappes 130 avenue des Bouleaux
Pôle emploi - Saint-Quentin - Péri,53 rue Gabriel-Péri,Pôle emploi - Saint-Quentin - Péri 53 rue Gabriel-Péri
Pôle emploi - Chambéry - Grand-Verger,272 rue François-Guise,Pôle emploi - Chambéry - Grand-Verger 272 rue François-Guise
Pôle emploi - Cherbourg - LaNoé,100 impasse des Cerisiers,Pôle emploi - Cherbourg - LaNoé 100 impasse des Cerisiers
Pôle emploi - Paris - 19e arrondissement - Laumière,75 avenue Jean-Jaurès,Pôle emploi - Paris - 19e arrondissement - Laumière 75 avenue Jean-Jaurès
Pôle emploi - Saint-Étienne-du-Rouvray,7 rue Abel-Gance,Pôle emploi - Saint-Étienne-du-Rouvray 7 rue Abel-Gance
Pôle emploi - Marseille - Pharo,23 avenue de la Corse,Pôle emploi - Marseille - Pharo 23 avenue de la Corse
Pôle emploi - Villefranche-sur-Saône,588 boulevard Albert-Camus,Pôle emploi - Villefranche-sur-Saône 588 boulevard Albert-Camus
Pôle emploi - Tours - Ronsard,106 rue Ronsard,Pôle emploi - Tours - Ronsard 106 rue Ronsard
Pôle emploi - Villefranche-de-Rouergue,Chemin de 13-Pierres,Pôle emploi - Villefranche-de-Rouergue Chemin de 13-Pierres
Pôle emploi - L'Aigle,1 place du Parc,Pôle emploi - L'Aigle 1 place du Parc
Pôle emploi - Toulouse - Saint-Michel,2 avenue de l'URSS,Pôle emploi - Toulouse - Saint-Michel 2 avenue de l'URSS
Pôle emploi - Niort - Trévins,275 rue du Stade,Pôle emploi - Niort - Trévins 275 rue du Stade
Pôle emploi - Verdun,Rue Robert-Cotte,Pôle emploi - Verdun Rue Robert-Cotte
Pôle emploi - Brive - La Marquisie,Rue Ernest-Comte,Pôle emploi - Brive - La Marquisie Rue Ernest-Comte
Pôle emploi - Neuville-sur-Saône,4 avenue Carnot,Pôle emploi - Neuville-sur-Saône 4 avenue Carnot
Pôle emploi - Pézenas,ZA les Rodettes,Pôle emploi - Pézenas ZA les Rodettes
Pôle emploi - Céret,6 rue Barbet,Pôle emploi - Céret 6 rue Barbet
Pôle emploi - Quimper - Nord,29 route de Ty-Nay,Pôle emploi - Quimper - Nord 29 route de Ty-Nay
Pôle emploi - Le Mans - Les Sablons,20 rue de Corse,Pôle emploi - Le Mans - Les Sablons 20 rue de Corse
Pôle emploi - Tourcoing - Gand,64 avenue Alfred-Lefrançois,Pôle emploi - Tourcoing - Gand 64 avenue Alfred-Lefrançois
Pôle emploi - Aulnoye-Aymeries,6 rue Jean-Jaurès,Pôle emploi - Aulnoye-Aymeries 6 rue Jean-Jaurès
Pôle emploi - Sarrebourg,2 bis Terrasse-de-Bretagne,Pôle emploi - Sarrebourg 2 bis Terrasse-de-Bretagne
Pôle emploi - Rodez,245 rue du Docteur-Théodore-Mathieu,Pôle emploi - Rodez 245 rue du Docteur-Théodore-Mathieu
Pôle emploi - Landerneau,59 rue de Brest,Pôle emploi - Landerneau 59 rue de Brest
Pôle emploi - Créteil,45 rue Auguste-Perret,Pôle emploi - Créteil 45 rue Auguste-Perret
Pôle emploi - Reims - La Neuvillette,9 rue Charles-Guggiari,Pôle emploi - Reims - La Neuvillette 9 rue Charles-Guggiari
Pôle emploi - Six-Fours,165 chemin du Négadoux,Pôle emploi - Six-Fours 165 chemin du Négadoux
Pôle emploi - Tassin-la-demi-Lune,3 avenue du Général-Brosset,Pôle emploi - Tassin-la-demi-Lune 3 avenue du Général-Brosset
Pôle emploi - Beauvais - Mykonos,2 rue Setubal,Pôle emploi - Beauvais - Mykonos 2 rue Setubal
Pôle emploi - Carhaix,1 rue de Kerven,Pôle emploi - Carhaix 1 rue de Kerven
Pôle emploi - Toul,90 avenue du Colonel-Pechot,Pôle emploi - Toul 90 avenue du Colonel-Pechot
Pôle emploi - Cournon,12 avenue Jules-Ferry,Pôle emploi - Cournon 12 avenue Jules-Ferry
Pôle emploi - Saint-André,494 rue Andropolis,Pôle emploi - Saint-André 494 rue Andropolis
Pôle emploi - Versailles,24 rue de Vergennes,Pôle emploi - Versailles 24 rue de Vergennes
Pôle emploi - Aulnay-sous-Bois,135 rue Jacques-Duclos,Pôle emploi - Aulnay-sous-Bois 135 rue Jacques-Duclos
Pôle emploi - Saint-Dizier,4 rue Godard-Jeanson,Pôle emploi - Saint-Dizier 4 rue Godard-Jeanson
Pôle emploi - Blaye,14 rue Adélaïde-Hautval,Pôle emploi - Blaye 14 rue Adélaïde-Hautval
Pôle emploi - Saint-Quentin - Cordier,8 boulevard Cordier,Pôle emploi - Saint-Quentin - Cordier 8 boulevard Cordier
Pôle emploi - Sarcelles,43 avenue Paul-Valéry,Pôle emploi - Sarcelles 43 avenue Paul-Valéry
Pôle emploi - Brunoy,13 rue de Cercay,Pôle emploi - Brunoy 13 rue de Cercay
Pôle emploi - Ancenis,336 rue de Chateaubriand,Pôle emploi - Ancenis 336 rue de Chateaubriand
Pôle emploi - Thann,17 A faubourg des Vosges,Pôle emploi - Thann 17 A faubourg des Vosges
Pôle emploi - Maisons-Alfort,39 avenue Gambetta,Pôle emploi - Maisons-Alfort 39 avenue Gambetta
Pôle emploi - Bezons,1 boulevard du Général-Delambre,Pôle emploi - Bezons 1 boulevard du Général-Delambre
Pôle emploi - La Possession,15 rue du Moulin-Joli,Pôle emploi - La Possession 15 rue du Moulin-Joli
Pôle emploi - Saint-Maur-des-Fossés,16 rue Léon-Bocquet,Pôle emploi - Saint-Maur-des-Fossés 16 rue Léon-Bocquet
Pôle emploi - Issoudun,Rue Georges-Brassens,Pôle emploi - Issoudun Rue Georges-Brassens
Pôle emploi - Trévoux,527 allée de Fétan,Pôle emploi - Trévoux 527 allée de Fétan
Pôle emploi - Savigny-sur-Orge,11 avenue de Garigliano,Pôle emploi - Savigny-sur-Orge 11 avenue de Garigliano
Pôle emploi - Bourges - Prospective,111 avenue de la Prospective,Pôle emploi - Bourges - Prospective 111 avenue de la Prospective
Pôle emploi - Lille - Vaucanson,21 rue de Vaucanson,Pôle emploi - Lille - Vaucanson 21 rue de Vaucanson
Pôle emploi - Rouen - Maromme,116 rue des Martyrs-de-la-Résistance,Pôle emploi - Rouen - Maromme 116 rue des Martyrs-de-la-Résistance
Pôle emploi - Givors,18 rue Jacques-Prevert,Pôle emploi - Givors 18 rue Jacques-Prevert
Pôle emploi - Poissy,2 place Georges-Pompidou,Pôle emploi - Poissy 2 place Georges-Pompidou
Pôle emploi - Charleville-Mézières - Montjoly,106 rue Bourbon,Pôle emploi - Charleville-Mézières - Montjoly 106 rue Bourbon
Pôle emploi - Vervins,23 rue Marc-l'Escarbot,Pôle emploi - Vervins 23 rue Marc-l'Escarbot
Pôle emploi - Pierrelatte,2 bis rue James-Watt,Pôle emploi - Pierrelatte 2 bis rue James-Watt
Pôle emploi - Domont,2 rue des Charbonniers,Pôle emploi - Domont 2 rue des Charbonniers
Pôle emploi - Pontivy,1 rue Kristen-Nogues,Pôle emploi - Pontivy 1 rue Kristen-Nogues
Pôle emploi - Bobigny,49 rue Miriam-Makeba,Pôle emploi - Bobigny 49 rue Miriam-Makeba
Pôle emploi - Besançon - Planoise,8 rue Marc-Bloch,Pôle emploi - Besançon - Planoise 8 rue Marc-Bloch
Pôle emploi - Briançon,6 avenue du Général-de-Gaulle,Pôle emploi - Briançon 6 avenue du Général-de-Gaulle
Pôle emploi - Valence - Briffaut,354 A avenue de Chabeuil,Pôle emploi - Valence - Briffaut 354 A avenue de Chabeuil
Pôle emploi - Vannes - Est,17 route de Nantes,Pôle emploi - Vannes - Est 17 route de Nantes
Pôle emploi - Lesparre-Médoc,7 chemin de Pradal,Pôle emploi - Lesparre-Médoc 7 chemin de Pradal
Pôle emploi - Carmaux,28 rue de la Verrerie,Pôle emploi - Carmaux 28 rue de la Verrerie
Pôle emploi - Le Creusot,30 B rue de Chanzy,Pôle emploi - Le Creusot 30 B rue de Chanzy
Pôle emploi - Avignon - Joly-Jean,15 rue Madame-de-Sévigné,Pôle emploi - Avignon - Joly-Jean 15 rue Madame-de-Sévigné
Pôle emploi - Le Tréport,4 ter rue de la Digue,Pôle emploi - Le Tréport 4 ter rue de la Digue
Pôle emploi - Saint-Amand-les-Eaux,84 rue Henri-Barbusse,Pôle emploi - Saint-Amand-les-Eaux 84 rue Henri-Barbusse
Pôle emploi - Lillers,1 rue de la Gare,Pôle emploi - Lillers 1 rue de la Gare
Pôle emploi - Lyon - Croix-Rousse,49 rue de Cuire,Pôle emploi - Lyon - Croix-Rousse 49 rue de Cuire
Pôle emploi - Tarare,9 rue Rosset,Pôle emploi - Tarare 9 rue Rosset
Pôle emploi - Le Port,23 rue Sully-Prud'Homme,Pôle emploi - Le Port 23 rue Sully-Prud'Homme
Pôle emploi - Saint-Louis - Bel-Air,20 rue de l'Étang,Pôle emploi - Saint-Louis - Bel-Air 20 rue de l'Étang
Pôle emploi - Périgueux - Littre,1 rue Littre,Pôle emploi - Périgueux - Littre 1 rue Littre
Pôle emploi - Saint-Martin-d'Hères,22 avenue Benoît-Frachon,Pôle emploi - Saint-Martin-d'Hères 22 avenue Benoît-Frachon
Pôle emploi - Brie-Comte-Robert,Rue du 19-Mars-1962,Pôle emploi - Brie-Comte-Robert Rue du 19-Mars-1962
Pôle emploi - Thiers,20 rue des Docteurs-Dumas,Pôle emploi - Thiers 20 rue des Docteurs-Dumas
Pôle emploi - Propriano,Rue de la Marine,Pôle emploi - Propriano Rue de la Marine
Pôle emploi - Reims - Bezannes,51 rue Louis-Néel,Pôle emploi - Reims - Bezannes 51 rue Louis-Néel
Pôle emploi - Montbard-Châtillon,Passage Georges-Brassens,Pôle emploi - Montbard-Châtillon Passage Georges-Brassens
Pôle emploi - Dole,22 rue Pablo-Neruda,Pôle emploi - Dole 22 rue Pablo-Neruda
Pôle emploi - Honfleur,2 A rue des Corsaires,Pôle emploi - Honfleur 2 A rue des Corsaires
Pôle emploi - Privas,Quartier Chamaras,Pôle emploi - Privas Quartier Chamaras
Pôle emploi - Souillac,Place de la Gare,Pôle emploi - Souillac Place de la Gare
Pôle emploi - Troyes - Langevin,1 place du Professeur-Langevin,Pôle emploi - Troyes - Langevin 1 place du Professeur-Langevin
Pôle emploi - Kourou,1 rue de la Crèche,Pôle emploi - Kourou 1 rue de la Crèche
Pôle emploi - Neufchâteau,110 quai Jean-Moulin,Pôle emploi - Neufchâteau 110 quai Jean-Moulin
Pôle emploi - Nancy - Joffre,32 boulevard Joffre,Pôle emploi - Nancy - Joffre 32 boulevard Joffre
Pôle emploi - Altkirch,39 avenue du 8e-Régiment-de-Hussards,Pôle emploi - Altkirch 39 avenue du 8e-Régiment-de-Hussards
Pôle emploi - Marseille - Pont-de-Vivaux,250 boulevard Mireille-Lauze,Pôle emploi - Marseille - Pont-de-Vivaux 250 boulevard Mireille-Lauze
Pôle emploi - Saint-Brieuc - Ouest,25 rue de la Hunaudaye,Pôle emploi - Saint-Brieuc - Ouest 25 rue de la Hunaudaye
Pôle emploi - Angers - Capucins,14 rue du Général-Lizé,Pôle emploi - Angers - Capucins 14 rue du Général-Lizé
Pôle emploi - Chinon,27 avenue Gambetta,Pôle emploi - Chinon 27 avenue Gambetta
Pôle emploi - Béthune,230 rue de la Faïencerie,Pôle emploi - Béthune 230 rue de la Faïencerie
Pôle emploi - Perpignan - Polygone,331 rue Beau-de-Rochas,Pôle emploi - Perpignan - Polygone 331 rue Beau-de-Rochas
Pôle emploi - Arpajon,2 route d'Egly,Pôle emploi - Arpajon 2 route d'Egly
Pôle emploi - Herblay,93 rue de la Marne,Pôle emploi - Herblay 93 rue de la Marne
"Pôle emploi - Paris - 1er, 2e, 3e et 4e arrondissements - Paul-Lelong",4 rue Paul-Lelong,"Pôle emploi - Paris - 1er, 2e, 3e et 4e arrondissements - Paul-Lelong 4 rue Paul-Lelong"
Pôle emploi - Saint-Herblain,4 rue de la Gironde,Pôle emploi - Saint-Herblain 4 rue de la Gironde
Pôle emploi - Firminy,3 rue de l'École,Pôle emploi - Firminy 3 rue de l'École
Pôle emploi - Laon,Avenue du Maréchal-Foch,Pôle emploi - Laon Avenue du Maréchal-Foch
Pôle emploi - Mitry-Mory,3 rue Paul-Gauguin,Pôle emploi - Mitry-Mory 3 rue Paul-Gauguin
Pôle emploi - Saintes - Saint-Georges,5 ZAC la Bobinerie,Pôle emploi - Saintes - Saint-Georges 5 ZAC la Bobinerie
Pôle emploi - Dunkerque,9 rue du Jeu-de-Mail,Pôle emploi - Dunkerque 9 rue du Jeu-de-Mail
Pôle emploi - Beaucaire,1133 chemin de Clapas-de-Cornut,Pôle emploi - Beaucaire 1133 chemin de Clapas-de-Cornut
Pôle emploi - Bergerac,2 rue Rudolf-Noureev,Pôle emploi - Bergerac 2 rue Rudolf-Noureev
Pôle emploi - Bordeaux - Saint-Jean,4 rue Bac-Ninh,Pôle emploi - Bordeaux - Saint-Jean 4 rue Bac-Ninh
Pôle emploi - Ville-la-Grand,21 rue des Tournelles,Pôle emploi - Ville-la-Grand 21 rue des Tournelles
Pôle emploi - Saint-Martin,22 rue Léopold-Mingau-Concordia,Pôle emploi - Saint-Martin 22 rue Léopold-Mingau-Concordia
Pôle emploi - Morne-à-l'Eau,150 route Marie-Émile-Coco,Pôle emploi - Morne-à-l'Eau 150 route Marie-Émile-Coco
Pôle emploi - Wattrelos,1 allée des Fabricants,Pôle emploi - Wattrelos 1 allée des Fabricants
Pôle emploi - Challans,40 rue Pierre-Gilles-de-Gennes,Pôle emploi - Challans 40 rue Pierre-Gilles-de-Gennes
Pôle emploi - Quimperlé,11 bis rue Éric-Tabarly,Pôle emploi - Quimperlé 11 bis rue Éric-Tabarly
Pôle emploi - Castres,68 boulevard Pierre-Mendès-France,Pôle emploi - Castres 68 boulevard Pierre-Mendès-France
Pôle emploi - Rochefort,4 place François-Blondel,Pôle emploi - Rochefort 4 place François-Blondel
Pôle emploi - Mâcon,1000 avenue Maréchal-de-Lattre-de-Tassigny,Pôle emploi - Mâcon 1000 avenue Maréchal-de-Lattre-de-Tassigny
Pôle emploi - Montauban - Nord,124 rue de Pater,Pôle emploi - Montauban - Nord 124 rue de Pater
Pôle emploi - Guingamp,6 rue du 48e-Régiment-d'Infanterie,Pôle emploi - Guingamp 6 rue du 48e-Régiment-d'Infanterie
Pôle emploi - Quimper - Sud,50 rue du Président-Sadate,Pôle emploi - Quimper - Sud 50 rue du Président-Sadate
Pôle emploi - Colombes,102 avenue Henri-Barbusse,Pôle emploi - Colombes 102 avenue Henri-Barbusse
Pôle emploi - Roanne,2 rue des Fossés,Pôle emploi - Roanne 2 rue des Fossés
Pôle emploi - Hazebrouck,27 rue du Fer-à-Cheval,Pôle emploi - Hazebrouck 27 rue du Fer-à-Cheval
Pôle emploi - Tours - Deux-Lions,40 rue James-Watt,Pôle emploi - Tours - Deux-Lions 40 rue James-Watt
Pôle emploi - Saint-Maximin,415 rue Claire-Lacombe,Pôle emploi - Saint-Maximin 415 rue Claire-Lacombe
Pôle emploi - Blois - Gare,9 rue Auguste-Poulain,Pôle emploi - Blois - Gare 9 rue Auguste-Poulain
Pôle emploi - Antibes - Vallauris,1547 chemin des Combes,Pôle emploi - Antibes - Vallauris 1547 chemin des Combes
Pôle emploi - Épernay,2 rue Marcel-Paul,Pôle emploi - Épernay 2 rue Marcel-Paul
Pôle emploi - Aubervilliers,124 rue Henri-Barbusse,Pôle emploi - Aubervilliers 124 rue Henri-Barbusse
Pôle emploi - Boulogne-sur-Mer,135 boulevard Daunou,Pôle emploi - Boulogne-sur-Mer 135 boulevard Daunou
Pôle emploi - Mayenne,8 rue de Charles-de-Blois,Pôle emploi - Mayenne 8 rue de Charles-de-Blois
Pôle emploi - Miramas,4 boulevard du Docteur-Jacques-Minet,Pôle emploi - Miramas 4 boulevard du Docteur-Jacques-Minet
Pôle emploi - Basse-Terre - Desmarais,Rue Mauchanal,Pôle emploi - Basse-Terre - Desmarais Rue Mauchanal
Pôle emploi - Béziers - Courondelle,75 boulevard Colette-Besson,Pôle emploi - Béziers - Courondelle 75 boulevard Colette-Besson
Pôle emploi - Digoin,1 rue des Charmes,Pôle emploi - Digoin 1 rue des Charmes
Pôle emploi - Voiron,93 boulevard Franklin-Roosevelt,Pôle emploi - Voiron 93 boulevard Franklin-Roosevelt
Pôle emploi - Savigny-le-Temple,29 avenue Jules-Vallès,Pôle emploi - Savigny-le-Temple 29 avenue Jules-Vallès
Pôle emploi - Étampes,15 rue de Saclas,Pôle emploi - Étampes 15 rue de Saclas
Pôle emploi - Saint-Gilles-Croix-de-Vie,7 route de la Roche-sur-Yon,Pôle emploi - Saint-Gilles-Croix-de-Vie 7 route de la Roche-sur-Yon
Pôle emploi - Saint-Jean-de-Maurienne,310 rue Jean-Moulin,Pôle emploi - Saint-Jean-de-Maurienne 310 rue Jean-Moulin
Pôle emploi - Romans-sur-Isère,4 rue Auguste-Perret,Pôle emploi - Romans-sur-Isère 4 rue Auguste-Perret
Pôle emploi - Riom,24 avenue Georges-Gershwin,Pôle emploi - Riom 24 avenue Georges-Gershwin
Pôle emploi - Ambérieu-en-Bugey,285 rue des Mouettes,Pôle emploi - Ambérieu-en-Bugey 285 rue des Mouettes
Pôle emploi - Mulhouse - Porte-de-Bâle,8 rue Zuber,Pôle emploi - Mulhouse - Porte-de-Bâle 8 rue Zuber
Pôle emploi - Millau,12 avenue Édouard-Alfred-Martel,Pôle emploi - Millau 12 avenue Édouard-Alfred-Martel
Pôle emploi - Lillebonne,4 rue Chico-Mendes,Pôle emploi - Lillebonne 4 rue Chico-Mendes
Pôle emploi - Villeneuve-Saint-Georges,2 rue Henri-Janin,Pôle emploi - Villeneuve-Saint-Georges 2 rue Henri-Janin
Pôle emploi - Saint-Maximin-la-Sainte-Baume,637 avenue Gabriel-Peri,Pôle emploi - Saint-Maximin-la-Sainte-Baume 637 avenue Gabriel-Peri
Pôle emploi - Conflans-Sainte-Honorine,1 rue de Pologne,Pôle emploi - Conflans-Sainte-Honorine 1 rue de Pologne
Pôle emploi - Saint-Ouen,44 avenue du Capitaine-Glarner,Pôle emploi - Saint-Ouen 44 avenue du Capitaine-Glarner
Pôle emploi - Le Lamentin,Quartier Acajou,Pôle emploi - Le Lamentin Quartier Acajou
Pôle emploi - Montmorency,27 rue Ferber,Pôle emploi - Montmorency 27 rue Ferber
Pôle emploi - Creil - Montataire,38 avenue Ambroise-Croizat,Pôle emploi - Creil - Montataire 38 avenue Ambroise-Croizat
Pôle emploi - Charleville-Mézières - Val-de-Vence,6 rue Jean-Baptiste-Lefort,Pôle emploi - Charleville-Mézières - Val-de-Vence 6 rue Jean-Baptiste-Lefort
Pôle emploi - Châteaudun,9 place du Phénix,Pôle emploi - Châteaudun 9 place du Phénix
Pôle emploi - Vitrolles,3 voie d'Allemagne,Pôle emploi - Vitrolles 3 voie d'Allemagne
Pôle emploi - Châteauroux - Balsan,4 avenue François-Mitterrand,Pôle emploi - Châteauroux - Balsan 4 avenue François-Mitterrand
Pôle emploi - Lons-le-Saunier,11 bis avenue du Stade,Pôle emploi - Lons-le-Saunier 11 bis avenue du Stade
Pôle emploi - Forges-les-Eaux,91 route de Neufchâtel,Pôle emploi - Forges-les-Eaux 91 route de Neufchâtel
Pôle emploi - Commercy,54 bis avenue Stanislas,Pôle emploi - Commercy 54 bis avenue Stanislas
Pôle emploi - Aubenas,71 chemin de la Charreyrasse,Pôle emploi - Aubenas 71 chemin de la Charreyrasse
Pôle emploi - Dieppe,7 rue de l'Entrepôt,Pôle emploi - Dieppe 7 rue de l'Entrepôt
Pôle emploi - Sainte-Marie,Quartier Belle-Étoile,Pôle emploi - Sainte-Marie Quartier Belle-Étoile
Pôle emploi - Anzin,245 bis rue Jean-Jaurès,Pôle emploi - Anzin 245 bis rue Jean-Jaurès
Pôle emploi - Digne-les-Bains,53 bis avenue du 8-Mai-1945,Pôle emploi - Digne-les-Bains 53 bis avenue du 8-Mai-1945
Pôle emploi - Noisy-le-Grand,8 rue du Maréchal-Juin,Pôle emploi - Noisy-le-Grand 8 rue du Maréchal-Juin
Pôle emploi - Flers,51 rue Charles-Mousset,Pôle emploi - Flers 51 rue Charles-Mousset
Pôle emploi - Orange,85 rue Agis-Rigord,Pôle emploi - Orange 85 rue Agis-Rigord
Pôle emploi - Villeneuve-d'Ascq,18 rue Trudaine,Pôle emploi - Villeneuve-d'Ascq 18 rue Trudaine
Pôle emploi - Meximieux,Rue des Verchères,Pôle emploi - Meximieux Rue des Verchères
Pôle emploi - L'Haÿ-les-Roses,17 boulevard Paul-Vaillant-Couturier,Pôle emploi - L'Haÿ-les-Roses 17 boulevard Paul-Vaillant-Couturier
Pôle emploi - Brétigny-sur-Orge,11 rue Georges-Charpak,Pôle emploi - Brétigny-sur-Orge 11 rue Georges-Charpak
Pôle emploi - Confolens,Rue de l'Ouillette,Pôle emploi - Confolens Rue de l'Ouillette
Pôle emploi - Avon,9 avenue du Général-de-Gaulle,Pôle emploi - Avon 9 avenue du Général-de-Gaulle
Pôle emploi - Saint-Malo,7 rue Augustin-Fresnel,Pôle emploi - Saint-Malo 7 rue Augustin-Fresnel
Pôle emploi - Mourenx,Avenue Pierre-Angot,Pôle emploi - Mourenx Avenue Pierre-Angot
Pôle emploi - Montrouge,223 avenue Pierre-Brossolette,Pôle emploi - Montrouge 223 avenue Pierre-Brossolette
Pôle emploi - Mende,44 bis avenue du 11-Novembre,Pôle emploi - Mende 44 bis avenue du 11-Novembre
Pôle emploi - Hirson,2 place Victor-Hugo,Pôle emploi - Hirson 2 place Victor-Hugo
Pôle emploi - Remiremont,Lieu-dit le Gros-Châtelet-Gare,Pôle emploi - Remiremont Lieu-dit le Gros-Châtelet-Gare
Pôle emploi - Mulhouse - Drouot,40 rue de 57e-Régiment-de-Transmissions,Pôle emploi - Mulhouse - Drouot 40 rue de 57e-Régiment-de-Transmissions
Pôle emploi - Paris - 18e arrondissement - Genevoix,11 rue Maurice-Genevoix,Pôle emploi - Paris - 18e arrondissement - Genevoix 11 rue Maurice-Genevoix
Pôle emploi - Vincennes,3 rue Lejemptel,Pôle emploi - Vincennes 3 rue Lejemptel
Pôle emploi - Brioude,30 avenue de Lamothe,Pôle emploi - Brioude 30 avenue de Lamothe
Pôle emploi - Montaigu,16 rue René-Descartes,Pôle emploi - Montaigu 16 rue René-Descartes
Pôle emploi - Compiègne - Lesseps,5 bis rue Ferdinand-de-Lesseps,Pôle emploi - Compiègne - Lesseps 5 bis rue Ferdinand-de-Lesseps
Pôle emploi - Somain,101 rue Pasteur,Pôle emploi - Somain 101 rue Pasteur
Pôle emploi - Delle,30 faubourg de Belfort,Pôle emploi - Delle 30 faubourg de Belfort
Pôle emploi - Châlons-en-Champagne,71 avenue de la 2e-Division-Blindée,Pôle emploi - Châlons-en-Champagne 71 avenue de la 2e-Division-Blindée
Pôle emploi - Bressuire,89 bis boulevard de Thouars,Pôle emploi - Bressuire 89 bis boulevard de Thouars
Pôle emploi - Angers - Balzac,4 rue des Basses-Fouassières,Pôle emploi - Angers - Balzac 4 rue des Basses-Fouassières
Pôle emploi - Longwy,Espace Jean-Monnet,Pôle emploi - Longwy Espace Jean-Monnet
Pôle emploi - Beauvais - Délie,7 rue du Docteur-Pierre-Délie,Pôle emploi - Beauvais - Délie 7 rue du Docteur-Pierre-Délie
Pôle emploi - Le Blanc-Mesnil,22 avenue Albert-Einstein,Pôle emploi - Le Blanc-Mesnil 22 avenue Albert-Einstein
Pôle emploi - Boulogne-Billancourt,21 quai Alphonse-le-Gallo,Pôle emploi - Boulogne-Billancourt 21 quai Alphonse-le-Gallo
Pôle emploi - Guéret,19 avenue Pierre-Leroux,Pôle emploi - Guéret 19 avenue Pierre-Leroux
Pôle emploi - Vesoul,4 rue du Docteur-Jean-Girard,Pôle emploi - Vesoul 4 rue du Docteur-Jean-Girard
Pôle emploi - Rezé,7 rue Eugène-Orieux,Pôle emploi - Rezé 7 rue Eugène-Orieux
Pôle emploi - Calais - Saint-Exupéry,60 avenue Antoine-de-Saint-Exupéry,Pôle emploi - Calais - Saint-Exupéry 60 avenue Antoine-de-Saint-Exupéry
Pôle emploi - Orléans - Sud,18 avenue de la Bolière,Pôle emploi - Orléans - Sud 18 avenue de la Bolière
Pôle emploi - Vendôme,5 rue Denis-Diderot,Pôle emploi - Vendôme 5 rue Denis-Diderot
Pôle emploi - Saint-Pierre-des-Corps,55 avenue Georges-Pompidou,Pôle emploi - Saint-Pierre-des-Corps 55 avenue Georges-Pompidou
Pôle emploi - Cergy,4 rue des Chauffours,Pôle emploi - Cergy 4 rue des Chauffours
Pôle emploi - Trignac,7 avenue Barbara,Pôle emploi - Trignac 7 avenue Barbara
Pôle emploi - Argentan,7 route de Sées,Pôle emploi - Argentan 7 route de Sées
Pôle emploi - Orléans - Nord,8 avenue du Général-Patton,Pôle emploi - Orléans - Nord 8 avenue du Général-Patton
Pôle emploi - Fontenay-sous-Bois,201 rue Carnot,Pôle emploi - Fontenay-sous-Bois 201 rue Carnot
Pôle emploi - Saint-Cyr-sur-Loire,7 rue Lavoisier,Pôle emploi - Saint-Cyr-sur-Loire 7 rue Lavoisier
Pôle emploi - La Ciotat,18 avenue Émile-Sellon,Pôle emploi - La Ciotat 18 avenue Émile-Sellon
Pôle emploi - Ham,Rue Baudelaire,Pôle emploi - Ham Rue Baudelaire
Pôle emploi - Angoulême - La Couronne,3 impasse Chapelle-de-Prade,Pôle emploi - Angoulême - La Couronne 3 impasse Chapelle-de-Prade
Pôle emploi - Seynod,2 rue du Champ-de-la-Taillée,Pôle emploi - Seynod 2 rue du Champ-de-la-Taillée
Pôle emploi - Gérardmer,3 rue des Vosges,Pôle emploi - Gérardmer 3 rue des Vosges
Pôle emploi - Saint-Amand-Montrond,34 rue Auguste-Charles-Moricault,Pôle emploi - Saint-Amand-Montrond 34 rue Auguste-Charles-Moricault
Pôle emploi - Creil - Nogent,116 avenue de l'Europe,Pôle emploi - Creil - Nogent 116 avenue de l'Europe
Pôle emploi - Laval - Ferrié,Place Général-Ferrié,Pôle emploi - Laval - Ferrié Place Général-Ferrié
Pôle emploi - Épinal - Dutac,3 place du Général-de-Gaulle,Pôle emploi - Épinal - Dutac 3 place du Général-de-Gaulle
Pôle emploi - Lyon - Part-Dieu,26 rue Général Mouton-Duvernet,Pôle emploi - Lyon - Part-Dieu 26 rue Général Mouton-Duvernet
Pôle emploi - Istres,4 allée de la Solidarité,Pôle emploi - Istres 4 allée de la Solidarité
Pôle emploi - Rouen - Aubette,17 rue de l'Aubette,Pôle emploi - Rouen - Aubette 17 rue de l'Aubette
Pôle emploi - Rennes - Centre,22 rue de Redon,Pôle emploi - Rennes - Centre 22 rue de Redon
Pôle emploi - La Trinité,Beausejour,Pôle emploi - La Trinité Beausejour
Pôle emploi - Cavaillon,601 avenue de la Libération,Pôle emploi - Cavaillon 601 avenue de la Libération
Pôle emploi - Machecoul,19 rue Marcel-Brunelière,Pôle emploi - Machecoul 19 rue Marcel-Brunelière
Pôle emploi - Saint-Pierre - Réunion,40 rue François-de-Mahy,Pôle emploi - Saint-Pierre - Réunion 40 rue François-de-Mahy
Pôle emploi - Épinay-sur-Seine,32 avenue Salvador-Allende,Pôle emploi - Épinay-sur-Seine 32 avenue Salvador-Allende
Pôle emploi - Thionville - Manom,42 bis route du Luxembourg,Pôle emploi - Thionville - Manom 42 bis route du Luxembourg
Pôle emploi - Aiguillon,7 avenue du 11-Novembre,Pôle emploi - Aiguillon 7 avenue du 11-Novembre
Pôle emploi - Ravine-des-Cabris,403 chemin Boeuf,Pôle emploi - Ravine-des-Cabris 403 chemin Boeuf
Pôle emploi - Vierzon,6 rue Bernard-Palissy,Pôle emploi - Vierzon 6 rue Bernard-Palissy
Pôle emploi - Sainte-Marie - Réunion,30 rue André-Lardy,Pôle emploi - Sainte-Marie - Réunion 30 rue André-Lardy
Pôle emploi - Vichy,650 avenue de la Liberté,Pôle emploi - Vichy 650 avenue de la Liberté
Pôle emploi - Villeneuve-sur-Lot,Avenue Lazare-Carnot,Pôle emploi - Villeneuve-sur-Lot Avenue Lazare-Carnot
Pôle emploi - Reims - Mont-d'Arène,67 rue du Mont-d’Arène,Pôle emploi - Reims - Mont-d'Arène 67 rue du Mont-d’Arène
Pôle emploi - Foix,3 rue Germain-Authié,Pôle emploi - Foix 3 rue Germain-Authié
Pôle emploi - Rivière-Salée,ZA Laugier,Pôle emploi - Rivière-Salée ZA Laugier
Pôle emploi - Royan,7 rue du Port-Royal,Pôle emploi - Royan 7 rue du Port-Royal
Pôle emploi - Vandoeuvre-lès-Nancy,2 allée de Rotterdam,Pôle emploi - Vandoeuvre-lès-Nancy 2 allée de Rotterdam
Pôle emploi - Grande-Synthe,24 rue Georges-Clemenceau,Pôle emploi - Grande-Synthe 24 rue Georges-Clemenceau
Pôle emploi - Aix-en-Provence - Galice,38 bis route de Galice,Pôle emploi - Aix-en-Provence - Galice 38 bis route de Galice
Pôle emploi - Andernos,Allée des Lilas,Pôle emploi - Andernos Allée des Lilas
Pôle emploi - Longjumeau,30 rue Maurice,Pôle emploi - Longjumeau 30 rue Maurice
Pôle emploi - Rillieux-la-Pape,109 rue des Mercières,Pôle emploi - Rillieux-la-Pape 109 rue des Mercières
Pôle emploi - Pornic,62 boulevard de Linz,Pôle emploi - Pornic 62 boulevard de Linz
Pôle emploi - Champhol,1 rue du Médecin Général-Beyne,Pôle emploi - Champhol 1 rue du Médecin Général-Beyne
Pôle emploi - Sallanches,170 rue du Colonney,Pôle emploi - Sallanches 170 rue du Colonney
Pôle emploi - Nice - Ouest,61 avenue Simone-Veil,Pôle emploi - Nice - Ouest 61 avenue Simone-Veil
Pôle emploi - Lunel,300 avenue des Abrivados,Pôle emploi - Lunel 300 avenue des Abrivados
Pôle emploi - Saint-Jean-de-Luz,11 chemin de la Ferme-Dai-Baita,Pôle emploi - Saint-Jean-de-Luz 11 chemin de la Ferme-Dai-Baita
Pôle emploi - Villejuif,108 avenue de Stalingrad,Pôle emploi - Villejuif 108 avenue de Stalingrad
Pôle emploi - Château-Gontier,1 rue de l'Atlantique,Pôle emploi - Château-Gontier 1 rue de l'Atlantique
Pôle emploi - Meaux,12 boulevard Jean-Rose,Pôle emploi - Meaux 12 boulevard Jean-Rose
Pôle emploi - Falaise,2 rue de la Résistance,Pôle emploi - Falaise 2 rue de la Résistance
Pôle emploi - Belfort - Europe,8 place d'Europe,Pôle emploi - Belfort - Europe 8 place d'Europe
Pôle emploi - Toulouse - La Cépière,4 chemin du Pigeonnier-Cépière,Pôle emploi - Toulouse - La Cépière 4 chemin du Pigeonnier-Cépière
Pôle emploi - Le Quesnoy,139 bis route de Valenciennes,Pôle emploi - Le Quesnoy 139 bis route de Valenciennes
Pôle emploi - Harfleur,10 avenue du Clos-Labédoyère,Pôle emploi - Harfleur 10 avenue du Clos-Labédoyère
Pôle emploi - Labège,298 allée du Lac,Pôle emploi - Labège 298 allée du Lac
Pôle emploi - Pontcharra,40 avenue de la Gare,Pôle emploi - Pontcharra 40 avenue de la Gare
Pôle emploi - Capesterre - Les Flamboyants,Rue les Filaos,Pôle emploi - Capesterre - Les Flamboyants Rue les Filaos
Pôle emploi - Bondy,14 rue de la Liberté,Pôle emploi - Bondy 14 rue de la Liberté
Pôle emploi - Nancy - Cristallerie,88 avenue du XXe-Corps,Pôle emploi - Nancy - Cristallerie 88 avenue du XXe-Corps
Pôle emploi - Pontarlier,6 rue Claude-Chappe,Pôle emploi - Pontarlier 6 rue Claude-Chappe
Pôle emploi - Aussillon,28 boulevard du Thore,Pôle emploi - Aussillon 28 boulevard du Thore
Pôle emploi - Joué-lès-Tours,92 boulevard Jean-Jaurès,Pôle emploi - Joué-lès-Tours 92 boulevard Jean-Jaurès
Pôle emploi - Nantes - Malakoff,10 rue de Chypre,Pôle emploi - Nantes - Malakoff 10 rue de Chypre
Pôle emploi - Villeneuve-lès-Avignon,1 place Saint-Pons,Pôle emploi - Villeneuve-lès-Avignon 1 place Saint-Pons
Pôle emploi - Brest - Marine,130 rue Ernest-Hemingway,Pôle emploi - Brest - Marine 130 rue Ernest-Hemingway
Pôle emploi - Nice - La Trinité,3 boulevard du Général-de-Gaulle,Pôle emploi - Nice - La Trinité 3 boulevard du Général-de-Gaulle
Pôle emploi - Le Puy-en-Velay,5 rue des Chevaliers-Saint-Jean,Pôle emploi - Le Puy-en-Velay 5 rue des Chevaliers-Saint-Jean
Pôle emploi - Strasbourg - Meinau,10 rue du Maréchal-Lefebvre,Pôle emploi - Strasbourg - Meinau 10 rue du Maréchal-Lefebvre
Pôle emploi - Saint-Pierre,2 rue Percée,Pôle emploi - Saint-Pierre 2 rue Percée
Pôle emploi - Grasse,123 chemin de Saint-Marc,Pôle emploi - Grasse 123 chemin de Saint-Marc
Pôle emploi - Antony,42 avenue Aristide-Briand,Pôle emploi - Antony 42 avenue Aristide-Briand
Pôle emploi - Bellac,4 ter rue du Général-Arbellot,Pôle emploi - Bellac 4 ter rue du Général-Arbellot
Pôle emploi - Saumur,680 avenue François-Mitterrand,Pôle emploi - Saumur 680 avenue François-Mitterrand
Pôle emploi - Saint-Gaudens,5 bis avenue Anselme-Arrieu,Pôle emploi - Saint-Gaudens 5 bis avenue Anselme-Arrieu
Pôle emploi - Revin,10 rue Louise-Weiss,Pôle emploi - Revin 10 rue Louise-Weiss
Pôle emploi - Amboise,10 rue de l'Ancienne-Fonderie,Pôle emploi - Amboise 10 rue de l'Ancienne-Fonderie
Pôle emploi - Meythet,1 rue de l'Euro,Pôle emploi - Meythet 1 rue de l'Euro
Pôle emploi - Besançon - Temis,17 A rue Alain-Savary,Pôle emploi - Besançon - Temis 17 A rue Alain-Savary
Pôle emploi - Plaine-Orientale,Résidence Linari 2,Pôle emploi - Plaine-Orientale Résidence Linari 2
Pôle emploi - Bollène,4 rue Sauveur-Durand,Pôle emploi - Bollène 4 rue Sauveur-Durand
Pôle emploi - Montauban - Albasud,205 avenue de l’Europe,Pôle emploi - Montauban - Albasud 205 avenue de l’Europe
Pôle emploi - Saint-Paul - Réunion,6 route Savannah,Pôle emploi - Saint-Paul - Réunion 6 route Savannah
Pôle emploi - Marie-Galante,Rue Savane,Pôle emploi - Marie-Galante Rue Savane
Pôle emploi - Morteau,1 A rue du Clos-Jeune,Pôle emploi - Morteau 1 A rue du Clos-Jeune
Pôle emploi - Lille - Port-fluvial,43 boulevard de la Moselle,Pôle emploi - Lille - Port-fluvial 43 boulevard de la Moselle
Pôle emploi - Cayenne - Collery,ZI de Collery,Pôle emploi - Cayenne - Collery ZI de Collery
Pôle emploi - Auch,8 rue Racine,Pôle emploi - Auch 8 rue Racine
Pôle emploi - Bourg-en-Bresse,323 avenue de Parme,Pôle emploi - Bourg-en-Bresse 323 avenue de Parme
Pôle emploi - Montbrison,64 rue des Grands-Chênes,Pôle emploi - Montbrison 64 rue des Grands-Chênes
Pôle emploi - Cluses,1125 avenue Georges-Clemenceau,Pôle emploi - Cluses 1125 avenue Georges-Clemenceau
Pôle emploi - Évreux - Brossolette,41 rue Pierre-Brossolette,Pôle emploi - Évreux - Brossolette 41 rue Pierre-Brossolette
Pôle emploi - Clermont-Ferrand - Nord,68 boulevard Léon-Jouhaux,Pôle emploi - Clermont-Ferrand - Nord 68 boulevard Léon-Jouhaux
Pôle emploi - Lunéville,1 bis rue Charles-Rivolet,Pôle emploi - Lunéville 1 bis rue Charles-Rivolet
Pôle emploi - Bourgoin-Jallieu,Rue Claude-Chappe,Pôle emploi - Bourgoin-Jallieu Rue Claude-Chappe
Pôle emploi - Annemasse,2 C avenue de Verdun,Pôle emploi - Annemasse 2 C avenue de Verdun
Pôle emploi - Bruay-la-Buissière,825 rue Raoul-Briquet,Pôle emploi - Bruay-la-Buissière 825 rue Raoul-Briquet
Pôle emploi - Ambert,2 allée du Parc,Pôle emploi - Ambert 2 allée du Parc
Pôle emploi - Cognac,11 rue de l'Avenir,Pôle emploi - Cognac 11 rue de l'Avenir
Pôle emploi - Montval-sur-Loir,19 rue du Mont-sur-Loir,Pôle emploi - Montval-sur-Loir 19 rue du Mont-sur-Loir
Pôle emploi - Langon,22 E route de Bazas,Pôle emploi - Langon 22 E route de Bazas
Pôle emploi - Pamiers,4 avenue de la Paix,Pôle emploi - Pamiers 4 avenue de la Paix
Pôle emploi - Rennes - Nord,4 rue René-Dumont,Pôle emploi - Rennes - Nord 4 rue René-Dumont
Pôle emploi - Mérignac,15 rue Thalès,Pôle emploi - Mérignac 15 rue Thalès
Pôle emploi - Paris - 20e arrondissement - Piat,51 rue Piat,Pôle emploi - Paris - 20e arrondissement - Piat 51 rue Piat
Pôle emploi - Blois - Laplace,67 avenue de Châteaudun,Pôle emploi - Blois - Laplace 67 avenue de Châteaudun
Pôle emploi - Caen - Fresnel,8 rue Raymonde-Bail,Pôle emploi - Caen - Fresnel 8 rue Raymonde-Bail
Pôle emploi - Avignon - Realpanier,21 rue Claude-Chabrol,Pôle emploi - Avignon - Realpanier 21 rue Claude-Chabrol
Pôle emploi - Colmar - Europe,10 rue d’Amsterdam,Pôle emploi - Colmar - Europe 10 rue d’Amsterdam
Pôle emploi - Vitry-le-François,16 bis boulevard Carnot,Pôle emploi - Vitry-le-François 16 bis boulevard Carnot
Pôle emploi - Rennes - Ouest,167 route de Lorient,Pôle emploi - Rennes - Ouest 167 route de Lorient
Pôle emploi - Perpignan - Saint-Assiscle,3 rue Vigneronne,Pôle emploi - Perpignan - Saint-Assiscle 3 rue Vigneronne
Pôle emploi - Saint-Marcellin,4 rue Lafontaine,Pôle emploi - Saint-Marcellin 4 rue Lafontaine
Pôle emploi - Toulouse - Jolimont,7 avenue Léon-Blum,Pôle emploi - Toulouse - Jolimont 7 avenue Léon-Blum
Pôle emploi - Bastia,Rue du Maréchal-Juin,Pôle emploi - Bastia Rue du Maréchal-Juin
Pôle emploi - Grenoble - Bruyère,78 avenue La-Bruyère,Pôle emploi - Grenoble - Bruyère 78 avenue La-Bruyère
Pôle emploi - Montbéliard - Hexagone,2 rue Pierre-Brossolette,Pôle emploi - Montbéliard - Hexagone 2 rue Pierre-Brossolette
Pôle emploi - Mandelieu-la-Napoule,Allée Hélène-Boucher,Pôle emploi - Mandelieu-la-Napoule Allée Hélène-Boucher
Pôle emploi - Nantes - Haluchère,224 boulevard Jules-Verne,Pôle emploi - Nantes - Haluchère 224 boulevard Jules-Verne
Pôle emploi - Argenton-sur-Creuse,1 rue des Écoles,Pôle emploi - Argenton-sur-Creuse 1 rue des Écoles
Pôle emploi - Lannemezan,Place du 14-Juillet,Pôle emploi - Lannemezan Place du 14-Juillet
Pôle emploi - Gravelines,29 rue de Dunkerque,Pôle emploi - Gravelines 29 rue de Dunkerque
Pôle emploi - Cayenne - Montabo,Chemin Grant,Pôle emploi - Cayenne - Montabo Chemin Grant
Pôle emploi - Cenon,3 rue René-Bonnac,Pôle emploi - Cenon 3 rue René-Bonnac
Pôle emploi - Issy-les-Moulineaux - agence cadres,2 rue Victor-Hugo,Pôle emploi - Issy-les-Moulineaux - agence cadres 2 rue Victor-Hugo
Pôle emploi - Pont-l'Abbé,24 rue Roger-Signor,Pôle emploi - Pont-l'Abbé 24 rue Roger-Signor
Pôle emploi - Douarnenez,23 rue de l'Aubépine,Pôle emploi - Douarnenez 23 rue de l'Aubépine
Pôle emploi - Bouillante,Section Vannier-le-Bourg,Pôle emploi - Bouillante Section Vannier-le-Bourg
Pôle emploi - Cherbourg - Centre,25 rue Dom-Pedro,Pôle emploi - Cherbourg - Centre 25 rue Dom-Pedro
Pôle emploi - Mauriac,14 boulevard Arsène-Vermenouze,Pôle emploi - Mauriac 14 boulevard Arsène-Vermenouze
Pôle emploi - Carvin,189 avenue de la République,Pôle emploi - Carvin 189 avenue de la République
Pôle emploi - Les Herbiers,8 rue de l'Oiselière,Pôle emploi - Les Herbiers 8 rue de l'Oiselière
Pôle emploi - Montbéliard - Centre,8 avenue Gambetta,Pôle emploi - Montbéliard - Centre 8 avenue Gambetta
Pôle emploi - Auray,7 rue de la Libération,Pôle emploi - Auray 7 rue de la Libération
Pôle emploi - Clermont-Ferrand - Ouest,132 boulevard Lavoisier,Pôle emploi - Clermont-Ferrand - Ouest 132 boulevard Lavoisier
Pôle emploi - Montluçon - Nord,1 rue De-Lattre-de-Tassigny,Pôle emploi - Montluçon - Nord 1 rue De-Lattre-de-Tassigny
Pôle emploi - Menton,8 rue Guyau,Pôle emploi - Menton 8 rue Guyau
Pôle emploi - Dinan,2 boulevard Simone-Veil,Pôle emploi - Dinan 2 boulevard Simone-Veil
Pôle emploi - Saint-Genis-Pouilly,348 avenue du Mont-Blanc,Pôle emploi - Saint-Genis-Pouilly 348 avenue du Mont-Blanc
Pôle emploi - Soissons,24 rue de l'Émaillerie,Pôle emploi - Soissons 24 rue de l'Émaillerie
Pôle emploi - Abymes,16 ZAC de Dothemare,Pôle emploi - Abymes 16 ZAC de Dothemare
Pôle emploi - Bayeux,2 boulevard Maréchal-Montgomery,Pôle emploi - Bayeux 2 boulevard Maréchal-Montgomery
Pôle emploi - Alfortville,7 rue Roger-Mordrel,Pôle emploi - Alfortville 7 rue Roger-Mordrel
Pôle emploi - Toulouse - Occitane,6 place Occitane,Pôle emploi - Toulouse - Occitane 6 place Occitane
Pôle emploi - Aubigny-sur-Nère,27 avenue de la Gare,Pôle emploi - Aubigny-sur-Nère 27 avenue de la Gare
Pôle emploi - Châteaurenard,638 avenue de la Libération,Pôle emploi - Châteaurenard 638 avenue de la Libération
Pôle emploi - Liévin,207 rue Silas-Goulet,Pôle emploi - Liévin 207 rue Silas-Goulet
Pôle emploi - Louhans,4 promenade des Cordeliers,Pôle emploi - Louhans 4 promenade des Cordeliers
Pôle emploi - La Teste,55 impasse du Bosquet,Pôle emploi - La Teste 55 impasse du Bosquet
Pôle emploi - Gien,62 route d'Orléans,Pôle emploi - Gien 62 route d'Orléans
Pôle emploi - Dammarie-les-Lys,187 rue Gaston-Pluchon,Pôle emploi - Dammarie-les-Lys 187 rue Gaston-Pluchon
Pôle emploi - Chelles,3 rue du Révérend-Père-Chaillet,Pôle emploi - Chelles 3 rue du Révérend-Père-Chaillet
Pôle emploi - Dax,8 rue des Frênes,Pôle emploi - Dax 8 rue des Frênes
Pôle emploi - Annecy,127 avenue de Genève,Pôle emploi - Annecy 127 avenue de Genève
Pôle emploi - Mamers,102 bis rue Ledru-Rollin,Pôle emploi - Mamers 102 bis rue Ledru-Rollin
Pôle emploi - Nantes - Chantenay,5 chemin du Pressoir-Chenaie,Pôle emploi - Nantes - Chantenay 5 chemin du Pressoir-Chenaie
Pôle emploi - Saint-Denis,5 avenue du Colonel-Fabien,Pôle emploi - Saint-Denis 5 avenue du Colonel-Fabien
Pôle emploi - Thouars,8 rue Gambetta,Pôle emploi - Thouars 8 rue Gambetta
Pôle emploi - Saint-Avold,2 rue du Général-de-Gaulle,Pôle emploi - Saint-Avold 2 rue du Général-de-Gaulle
Pôle emploi - Grenoble - Europole,1 rue d'Arménie,Pôle emploi - Grenoble - Europole 1 rue d'Arménie
Pôle emploi - Asnières-sur-Seine,61 avenue Gabriel-Péri,Pôle emploi - Asnières-sur-Seine 61 avenue Gabriel-Péri
Pôle emploi - Nogent-sur-Marne,3-5 rue Jean-Monnet,Pôle emploi - Nogent-sur-Marne 3-5 rue Jean-Monnet
Pôle emploi - Armentières,21 avenue de l'Europe,Pôle emploi - Armentières 21 avenue de l'Europe
Pôle emploi - Nantes - Nord,50 boulevard Albert-Einstein,Pôle emploi - Nantes - Nord 50 boulevard Albert-Einstein
Pôle emploi - Gaillac,510 avenue François-Mitterrand,Pôle emploi - Gaillac 510 avenue François-Mitterrand
Pôle emploi - Saint-Chamond,1 bis rue du Port-Sec,Pôle emploi - Saint-Chamond 1 bis rue du Port-Sec
Pôle emploi - Saint-Jean-d'Angély,1 rue Le-Corbusier,Pôle emploi - Saint-Jean-d'Angély 1 rue Le-Corbusier
Pôle emploi - Le Cannet,13 chemin de l'Industrie,Pôle emploi - Le Cannet 13 chemin de l'Industrie
Pôle emploi - Marseille - La Valentine,10 route de la Valentine,Pôle emploi - Marseille - La Valentine 10 route de la Valentine
Pôle emploi - Compiègne - Margny,25 rue Pierre-et-Marie-Curie,Pôle emploi - Compiègne - Margny 25 rue Pierre-et-Marie-Curie
Pôle emploi - Clisson,7 allée du Chantre,Pôle emploi - Clisson 7 allée du Chantre
Pôle emploi - Stains,35 rue du Moulin-Neuf,Pôle emploi - Stains 35 rue du Moulin-Neuf
Pôle emploi - Narbonne,100 rue Antoine-Becquerel,Pôle emploi - Narbonne 100 rue Antoine-Becquerel
Pôle emploi - Arc-lès-Gray,1 avenue des Parcs,Pôle emploi - Arc-lès-Gray 1 avenue des Parcs
Pôle emploi - Livry-Gargan,33 boulevard Robert-Schuman,Pôle emploi - Livry-Gargan 33 boulevard Robert-Schuman
Pôle emploi - Seclin,Avenue de la République,Pôle emploi - Seclin Avenue de la République
Pôle emploi - Metz - Sébastopol,5 rue des Dinandiers,Pôle emploi - Metz - Sébastopol 5 rue des Dinandiers
Pôle emploi - Saint-Paul-lès-Dax,835 rue de l'Europe,Pôle emploi - Saint-Paul-lès-Dax 835 rue de l'Europe
Pôle emploi - Torcy,11 promenade du Belvédère,Pôle emploi - Torcy 11 promenade du Belvédère
Pôle emploi - Limoux,3 impasse Didier-Daurat,Pôle emploi - Limoux 3 impasse Didier-Daurat
Pôle emploi - Niort - Garenne,36 rue Thomas-Portau,Pôle emploi - Niort - Garenne 36 rue Thomas-Portau
Pôle emploi - Nancy - Majorelle,22 rue François-de-Neufchâteau,Pôle emploi - Nancy - Majorelle 22 rue François-de-Neufchâteau
Pôle emploi - Loudéac,1 rue de la Chesnaie,Pôle emploi - Loudéac 1 rue de la Chesnaie
Pôle emploi - Nîmes - Sept-collines,165 rue Philippe-Maupas,Pôle emploi - Nîmes - Sept-collines 165 rue Philippe-Maupas
Pôle emploi - La Roche - Nord,19 rue Benjamin-Franklin,Pôle emploi - La Roche - Nord 19 rue Benjamin-Franklin
Pôle emploi - Civray,13 rue Norbert-Portejoie,Pôle emploi - Civray 13 rue Norbert-Portejoie
Pôle emploi - Saint-Leu - Réunion,1 rue Galabé,Pôle emploi - Saint-Leu - Réunion 1 rue Galabé
Pôle emploi - La Rochelle - Villeneuve,45 avenue Billaud-Varenne,Pôle emploi - La Rochelle - Villeneuve 45 avenue Billaud-Varenne
