name;adresse
pole emploi AVS Placement Artistes;10 RUE BRANCION 75015 Paris
Pole emploi Beaumarchais;11 RUE PELEE 75011 Paris
Pole emploi Cardinet;8 RUE Bernard Buffet 75017 Paris
pole emploi Armand Carrel;44 RUE Armand Carrel 75019 Paris
Pole emploi Vitruve;60 RUE Vitruve 75020 Paris
Pole emploi Daviel;27 RUE Daviel 75013 Paris
Pole emploi Laumi√®re;75 AVENUE JEAN JAURES 75019 Paris
Pole emploi Genevoix;1 RUE Maurice Genevoix 75018 Paris
Pole emploi Diderot;3 BOULEVARD Diderot 75012 Paris
Pole emploi Paul Lelong;2 RUE DE LA CONVENTION 75015 Paris
Pole emploi Vicq d'Azir;26 RUE Vicq d'Azir 75010 Paris
Pole emploi Brancion;10 RUE Brancion 75015 Paris
Pole emploi Ney;78 BOULEVARD Ney 75018 PARIS
Pole emploi Piat;51 RUE Piat 75020 PARIS
Pole emploi Jean Moulin;9 RUE FRIANT 75014 PARIS